12.32,1.1048086839829536
12.42,1.1489932685793047
12.52,0.07159930726081663
12.62,0.5695932098492119
12.719999999999999,nan
12.819999999999999,nan
12.919999999999998,0.9658593901263931
13.019999999999998,0.787431331854697
13.119999999999997,0.6135683404894856
13.219999999999997,0.9425244429739383
13.319999999999997,1.326507149309557
13.419999999999996,0.9964421817014166
13.519999999999996,1.1399907879366058
13.619999999999996,0.4731991622298536
13.719999999999995,0.4367566750497197
13.819999999999995,nan
13.919999999999995,0.7651660072828368
14.019999999999994,0.8549372213742111
14.119999999999994,1.051582911517341
14.219999999999994,1.2502360562263706
14.319999999999993,1.1927516184145153
14.419999999999993,1.3175962833569734
14.519999999999992,nan
14.619999999999992,nan
14.719999999999992,0.7108457329019753
14.819999999999991,0.29628963225120536
14.919999999999991,0.7681620012715203
15.01999999999999,0.7785269815903701
15.11999999999999,0.8043158076270939
15.21999999999999,0.6074555829449143
15.31999999999999,0.9223795081061578
15.41999999999999,1.068566584691076
15.519999999999989,0.9551251599509126
15.619999999999989,1.0174472905973981
15.719999999999988,1.118922316706373
15.819999999999988,0.3069621264645724
15.919999999999987,1.0389557019709914
16.01999999999999,nan
16.119999999999987,0.621879318009875
16.219999999999985,0.8420899450354306
16.319999999999986,0.6397314355949841
16.419999999999987,1.0827976736409861
16.519999999999985,0.7508068698315176
16.619999999999983,0.29493459667773825
16.719999999999985,0.37959409793435556
16.819999999999986,1.0947666113994219
16.919999999999984,1.2996206927025096
17.019999999999982,1.3011069465804281
17.119999999999983,1.120629834232218
17.219999999999985,1.1068877411521387
21.504,1.080710202825015
21.604000000000003,0.9445832283597662
21.704000000000004,nan
21.804000000000006,0.5002226286477617
21.904000000000007,0.8088100540111598
22.00400000000001,1.0843142096492147
22.10400000000001,0.32815368169829845
22.20400000000001,0.7348297302701406
22.304000000000013,1.28416772854481
22.404000000000014,1.4917345263214987
22.504000000000016,0.9834161645399138
22.604000000000017,1.1448192167240774
22.70400000000002,1.5959310654440493
22.80400000000002,1.4975719621913484
22.90400000000002,1.2796673412282527
23.004000000000023,1.26273333578011
23.104000000000024,1.270658153784661
23.204000000000025,1.3762812063142356
23.304000000000027,1.359913735857408
23.40400000000003,1.063071386510797
23.50400000000003,1.196152150885635
23.60400000000003,0.7913256813075091
23.704000000000033,0.575879284416502
23.804000000000034,0.898871057580597
23.904000000000035,0.9144795416383623
24.004000000000037,0.8774410832049324
24.10400000000004,0.7251747916270125
24.20400000000004,0.7883877046966624
24.30400000000004,1.0566278905447632
24.404000000000043,1.1074286950951515
24.504000000000044,0.8687715010859286
24.604000000000045,0.8502810613685841
24.704000000000047,0.9361360926785266
24.80400000000005,0.9182434439613748
24.90400000000005,0.2873016471302249
25.00400000000005,0.9103239037358596
25.104000000000052,0.7828312258656559
25.204000000000054,1.083968332772962
25.304000000000055,1.1634007043304875
25.404000000000057,1.4937378818446199
25.504000000000058,0.4156237195920648
25.60400000000006,0.7261794397932352
25.70400000000006,nan
25.804000000000062,1.0128765315132728
25.904000000000064,0.9230035650802862
26.004000000000065,0.7629252642676607
26.104000000000067,0.8115124191183843
26.204000000000068,1.1654470005185642
26.30400000000007,0.8201277914908572
26.40400000000007,0.904139834099013
26.504000000000072,0.7898220084034955
26.604000000000074,0.9781553320740766
26.704000000000075,1.3476680849074398
26.804000000000077,1.3827452593072875
26.904000000000078,1.2801125041959265
27.00400000000008,0.8559669841271917
27.10400000000008,1.4305525961860028
27.204000000000082,1.2512674408768372
27.304000000000084,0.8269659799100595
27.404000000000085,1.2109977423791274
27.504000000000087,1.3744079042187451
27.604000000000088,1.2734630076894857
27.70400000000009,1.2210137639696668
27.80400000000009,1.0163158670889083
27.904000000000092,0.33207725821963113
28.004000000000094,nan
28.104000000000095,nan
28.204000000000097,0.7119046117906546
28.304000000000098,nan
28.4040000000001,0.4848577587023341
28.5040000000001,1.2841876522165385
28.604000000000102,0.9751860927859192
28.704000000000104,0.5231916064270564
28.804000000000105,0.9220492699304536
28.904000000000106,1.5548876707086268
29.004000000000108,1.3648825017386756
29.10400000000011,0.806180193692463
29.20400000000011,0.12353575875694738
29.304000000000112,nan
29.404000000000114,0.7616975043430361
29.504000000000115,1.232601950737758
29.604000000000116,1.2980846281863063
29.704000000000118,1.4648100288429406
29.80400000000012,1.035703926266528
29.90400000000012,1.2700814503279347
30.004000000000122,1.3343004179330293
30.104000000000124,1.1599053431774324
30.204000000000125,0.5545721166882469
30.304000000000126,0.9278833709194584
30.404000000000128,0.5506845861750056
30.50400000000013,1.0746477387006086
30.60400000000013,0.5527285880919243
30.704000000000132,0.684339776218696
30.804000000000133,nan
30.904000000000135,0.9005241267756343
31.004000000000136,0.323708736027775
31.104000000000138,0.6529478112214057
31.20400000000014,nan
31.30400000000014,0.7818761493169168
31.404000000000142,0.9852976595108068
31.504000000000143,0.9542805442544391
31.604000000000145,nan
31.704000000000146,nan
31.804000000000148,nan
31.90400000000015,0.6838933965469463
32.00400000000015,0.8546340380990752
32.104000000000156,0.7345361494649782
32.20400000000015,0.6809435880802185
32.30400000000016,0.7022447590702801
32.40400000000015,1.041337476888991
32.50400000000016,0.6700005097792567
32.604000000000156,0.20000917817832523
32.704000000000164,0.3176822378437377
32.80400000000016,nan
32.90400000000017,nan
33.00400000000016,0.4385808370860939
33.10400000000017,nan
33.204000000000164,0.9234898758981891
33.30400000000017,0.7560216539218175
33.40400000000017,0.9393728937869602
33.504000000000175,0.6840285476224954
33.60400000000017,0.5869188493449464
33.70400000000018,0.613821176098766
33.80400000000017,0.8162104232523675
33.90400000000018,0.961846519137932
34.004000000000175,0.48135382224443496
34.104000000000184,0.5523964979820353
34.20400000000018,0.7617776830659432
34.30400000000019,0.6023768798073926
34.40400000000018,0.2958529021310176
34.50400000000019,0.5896597438754471
34.604000000000184,0.7205502588702934
34.70400000000019,0.6730101391268007
34.80400000000019,1.3927710004282197
34.904000000000195,1.2039736698222647
35.00400000000019,1.0837675568361826
35.1040000000002,1.0936261270597365
35.20400000000019,1.5022865256921902
35.3040000000002,1.0163063926628144
35.404000000000195,0.8860969415212849
35.504000000000204,0.9144509612617363
35.6040000000002,1.1712429241659992
35.70400000000021,0.9461910362117147
35.8040000000002,1.175659455465876
35.90400000000021,1.393174297156084
36.004000000000204,1.2729282074152108
36.10400000000021,1.393690591449231
36.20400000000021,1.2892929208497002
36.304000000000215,1.2612171310324896
36.40400000000021,1.1324979848333048
36.50400000000022,1.2586967015533175
36.60400000000021,0.8098250922012068
36.70400000000022,nan
36.804000000000215,nan
36.904000000000224,0.5645444869941485
37.00400000000022,1.3192433073940382
37.10400000000023,0.8900535283433336
37.20400000000022,0.8890047609957086
37.30400000000023,0.6262871557666148
37.404000000000224,0.6035216845727776
37.50400000000023,1.125728293632734
37.60400000000023,0.4976752269638073
37.704000000000235,1.236885695884117
37.80400000000023,0.8103104057728984
37.90400000000024,0.5983286755217967
38.00400000000023,0.5784860752359551
38.10400000000024,0.6043999177241621
38.204000000000235,1.089666942983063
38.304000000000244,0.5989706757822933
38.40400000000024,0.6296648697575332
38.50400000000025,0.6161853483841041
38.60400000000024,0.5616732113424728
38.70400000000025,0.4357501940571949
38.804000000000244,0.38518072170811263
38.90400000000025,0.3462187241271161
39.00400000000025,0.335195035801496
39.104000000000255,0.14211673407563724
39.20400000000025,0.950162606122537
39.30400000000026,0.3221010218456131
39.40400000000025,0.9152998689573973
39.50400000000026,0.7338560442457274
39.604000000000255,0.4674315065506196
39.70400000000026,0.3296200630433052
39.80400000000026,0.7582878768737566
39.904000000000266,nan
40.00400000000026,0.9154582565618135
40.10400000000027,1.050344466339512
40.20400000000026,nan
40.30400000000027,0.6723479981208679
40.404000000000266,0.9751172546335032
40.504000000000275,1.4470669291497777
40.60400000000027,nan
40.70400000000028,0.515277860217779
40.80400000000027,0.6340676139948649
40.90400000000028,1.103959716705892
41.004000000000275,1.2895862891890568
41.10400000000028,1.03043051035419
41.20400000000028,1.2534483865811825
41.304000000000286,0.956715826843689
41.40400000000028,1.3769445017085058
41.50400000000029,1.0461447187931254
41.60400000000028,1.2950877584511493
41.70400000000029,1.0897717149246502
41.804000000000286,0.6826722058963145
41.904000000000295,0.9789450648806148
42.00400000000029,0.5790070703753837
42.1040000000003,0.49657449684643956
42.20400000000029,1.1015332735095602
42.3040000000003,1.3568906135748469
42.404000000000295,1.319713895295309
42.5040000000003,1.2061014505858043
42.6040000000003,1.5017280594416136
42.704000000000306,1.3848635730878953
42.8040000000003,1.4943013594692935
42.90400000000031,1.1495151260977305
43.0040000000003,1.2739310707001699
43.10400000000031,0.9435554176856191
43.204000000000306,1.1700902213775375
43.304000000000315,1.4644940899626875
43.40400000000031,1.1880230586748086
43.50400000000032,1.0169918424587598
43.60400000000031,0.7570580472305567
43.70400000000032,0.7689298382525007
43.804000000000315,0.7184487667323691
43.90400000000032,0.357187950381657
44.00400000000032,0.7812242272826126
44.104000000000326,0.9462680841305554
44.20400000000032,0.9874380569990598
44.30400000000033,0.42551762937778664
44.40400000000032,0.9153695989456239
44.50400000000033,1.0042220024591875
44.604000000000326,1.1484754857773816
44.704000000000335,1.1328632867156414
44.976,1.0548916245521138
45.076,0.8888038974035426
45.176,0.1830661053523453
45.276,0.3235387155658075
45.376000000000005,nan
45.476000000000006,1.110566580803283
45.57600000000001,1.2085285152316272
45.67600000000001,1.2908025757358645
45.77600000000001,1.0138674444971245
45.87600000000001,0.6103544370438179
45.97600000000001,0.6722416021589211
46.076000000000015,0.4884199255643783
46.176000000000016,0.7511072769985543
46.27600000000002,0.7781162495468702
46.37600000000002,1.0300855032284935
46.47600000000002,1.2352337605496575
46.57600000000002,1.3829668848231793
46.67600000000002,1.1726190410642052
46.776000000000025,1.51134701442141
46.876000000000026,1.1148772714338304
46.97600000000003,0.199182166429094
47.07600000000003,1.2035248035142234
47.17600000000003,0.8284218274728953
47.27600000000003,nan
47.37600000000003,0.6464538419347967
47.476000000000035,0.6379097517412147
47.576000000000036,0.7649250727425673
47.67600000000004,0.8303089564115084
47.77600000000004,0.4872960313473893
47.87600000000004,0.7684080074021973
47.97600000000004,1.064960434954677
48.07600000000004,nan
48.176000000000045,0.29336237911633734
48.276000000000046,1.2894382265297466
48.37600000000005,1.3039144518682115
48.47600000000005,1.058786229141251
48.57600000000005,0.853114893128198
48.67600000000005,1.0384408072864657
48.77600000000005,0.7409242442616016
48.876000000000055,0.9467409918488151
48.976000000000056,0.6967333614414993
49.07600000000006,0.5527684055898845
49.17600000000006,0.9065984351685489
49.27600000000006,0.5548364654212723
49.37600000000006,0.4841445668625062
49.47600000000006,0.1994361479503061
49.576000000000064,1.1515055844241264
49.676000000000066,1.3818687544027342
49.77600000000007,0.5761276490743639
49.87600000000007,nan
49.97600000000007,1.1294336995837078
50.07600000000007,0.734972733529875
50.17600000000007,0.9740456869605127
50.276000000000074,nan
50.376000000000076,0.7190007351245238
50.47600000000008,0.847133834593349
50.57600000000008,0.33648933115436425
50.67600000000008,0.948875582846518
50.77600000000008,0.8117378314711842
50.87600000000008,1.296038026416488
50.976000000000084,nan
51.076000000000086,1.0932597934277033
51.17600000000009,0.823530932946624
51.27600000000009,0.355348550365817
51.37600000000009,0.892241104565063
51.47600000000009,1.1266353368676656
51.57600000000009,1.2277136135732736
51.676000000000094,1.0984923067473094
51.776000000000096,nan
51.8760000000001,1.1889152034862545
51.9760000000001,0.5288198606136152
52.0760000000001,nan
52.1760000000001,0.551405014819084
52.2760000000001,0.6818439523543282
52.376000000000104,0.9335808303784925
52.476000000000106,nan
52.57600000000011,0.6531550777902699
52.67600000000011,1.4455288186425979
52.77600000000011,1.2390224586325902
52.87600000000011,0.714774378440085
52.97600000000011,0.3626167961936866
53.076000000000114,nan
53.176000000000116,0.7824100950135225
53.27600000000012,nan
53.37600000000012,1.137356771946508
53.47600000000012,0.7938505412531652
53.57600000000012,nan
53.67600000000012,0.5785464700559592
53.776000000000124,0.9157770524972785
53.876000000000126,1.1686638107551026
53.97600000000013,1.1047339771356972
54.07600000000013,0.9977012104022532
54.256,1.4139582366078451
54.356,1.0034302296172293
54.456,nan
54.556000000000004,0.6081634974090708
54.656000000000006,nan
54.75600000000001,nan
54.85600000000001,1.2732631591275378
54.95600000000001,1.3147516620060515
55.05600000000001,1.2227773862801055
55.15600000000001,1.0954607292836516
55.256000000000014,1.011837067675769
55.356000000000016,1.2976808237578699
55.45600000000002,1.3668316596830654
55.55600000000002,0.49007932240413216
55.65600000000002,0.9762411911647523
55.75600000000002,0.9174002589288212
55.85600000000002,nan
55.956000000000024,0.7272337724076722
56.056000000000026,nan
56.15600000000003,0.6330536786990502
56.25600000000003,0.18702968459811453
56.35600000000003,0.6270295324627341
56.45600000000003,0.885383176457018
56.55600000000003,0.38771935245206596
56.656000000000034,0.01720528656710768
56.756000000000036,nan
56.85600000000004,0.4263727862660864
56.95600000000004,nan
57.05600000000004,0.5407089611185827
57.15600000000004,1.1436949679070583
57.25600000000004,1.4525568153646238
57.356000000000044,1.2160204773535495
57.456000000000046,1.2269151600534949
57.55600000000005,0.9485406475491017
57.65600000000005,1.2522261364567626
57.75600000000005,1.121938560621046
57.85600000000005,0.7713810671555718
57.95600000000005,1.4091320679588648
58.056000000000054,1.134297608795926
58.156000000000056,1.4580556545805747
58.25600000000006,1.5129700489717233
58.35600000000006,1.1711231241276752
58.45600000000006,1.0407661365381602
58.55600000000006,1.140556564949148
58.65600000000006,1.1061306575884522
58.756000000000064,1.1898628657416828
59.904,0.6980056286170248
60.004000000000005,1.1891153464023823
60.104000000000006,0.999024470745678
60.20400000000001,0.3975707252929657
60.30400000000001,0.550589157338748
60.40400000000001,1.194601875941536
60.50400000000001,0.860764351591437
60.60400000000001,0.559544380322144
60.704000000000015,0.7603194226770404
60.804000000000016,0.9468732009771861
60.90400000000002,0.6888443773676559
61.00400000000002,nan
61.10400000000002,0.4937035652247776
61.20400000000002,0.4153409798576835
61.30400000000002,0.8185358698828546
61.404000000000025,nan
61.504000000000026,1.047289100045102
61.60400000000003,0.5340762542980411
61.70400000000003,0.8998178311967179
61.80400000000003,0.2594667030086171
61.90400000000003,1.1987079244966141
62.00400000000003,0.8078448248045059
62.104000000000035,1.1293883918370882
62.204000000000036,0.3437769789107088
62.30400000000004,nan
62.40400000000004,nan
62.50400000000004,0.6769137072564345
62.60400000000004,nan
62.70400000000004,0.5862106222343683
62.804000000000045,0.8011260574117732
62.904000000000046,1.0792276052566123
63.00400000000005,0.8398870459279558
63.10400000000005,0.7850638633414223
63.20400000000005,0.4212073125920563
63.30400000000005,0.6386709257984581
63.40400000000005,0.9223299948317055
63.504000000000055,0.6522484329811318
63.604000000000056,1.1328407016516828
63.70400000000006,1.0634318212312455
63.80400000000006,1.2054838222989508
63.90400000000006,1.0281289003891658
64.00400000000006,0.8858103243157471
64.10400000000007,1.2369949013316794
64.20400000000006,0.7653205969521673
64.30400000000006,0.4270903359038962
64.40400000000007,0.990925152037009
64.50400000000008,0.4159029597071627
64.60400000000007,0.9195679554287075
64.70400000000006,1.2775434309232865
64.80400000000007,1.0974782827557266
64.90400000000008,1.1827967856659543
65.00400000000008,1.0938243388734519
65.10400000000007,0.7819331490430231
65.20400000000008,nan
65.30400000000009,0.9656343420353045
65.40400000000008,0.916798495099154
65.50400000000008,1.0425359557830534
65.60400000000008,0.72877409611135
65.7040000000001,1.2000775354129176
65.80400000000009,0.9693313045299735
65.90400000000008,1.0888791898136645
66.00400000000009,1.3293752493475675
66.1040000000001,0.7295121152536315
66.2040000000001,0.8744781399147956
66.30400000000009,1.072094914557529
66.4040000000001,0.9443070795698352
66.5040000000001,0.999527742130617
66.6040000000001,0.5111022975925078
66.7040000000001,0.7235781408941222
66.8040000000001,1.0226870443239375
66.90400000000011,0.9336618655340088
67.0040000000001,0.8554358559525038
67.1040000000001,0.21655821352716564
67.20400000000011,nan
67.30400000000012,0.7577336657865394
67.40400000000011,1.0121578527364146
67.5040000000001,0.9425708523105099
67.60400000000011,0.4825063829641207
67.70400000000012,1.2489285010705868
67.80400000000012,0.7208613668377996
67.90400000000011,0.4020386829929863
68.00400000000012,0.9367086930142455
68.10400000000013,0.7935118842872114
68.20400000000012,0.8082207069103323
68.30400000000012,1.365780181013356
68.40400000000012,1.177320905653979
68.50400000000013,1.2696808739086514
68.60400000000013,0.5721476088156366
76.784,1.038891089276902
76.884,0.9770730179160931
76.984,1.0938573186206766
77.08399999999999,0.9379426037876427
77.18399999999998,0.7315652817570366
77.28399999999998,0.6444193808474055
77.38399999999997,0.6277017857925523
77.48399999999997,1.1232560490648484
77.58399999999996,0.8296781797574276
77.68399999999995,0.6693427899007296
77.78399999999995,nan
77.88399999999994,nan
77.98399999999994,0.6896614314185816
78.08399999999993,0.283086111288332
78.18399999999993,0.9755894318486477
78.28399999999992,0.9358121789939005
78.38399999999992,0.4728653265923058
78.48399999999991,0.8970024227422319
78.5839999999999,0.7761153376449503
78.6839999999999,0.43669683039597507
78.78399999999989,0.6853858178141153
78.88399999999989,0.673276611119417
78.98399999999988,0.5931504982765708
79.08399999999988,0.6629579684058984
79.18399999999987,1.1553566847060521
79.28399999999986,1.3698579473789594
79.38399999999986,1.1815314868464544
79.48399999999985,0.9233766646369568
79.58399999999985,0.8348768142514412
79.68399999999984,0.4088600373800795
79.78399999999984,0.5041352955877485
79.88399999999983,0.728907719373929
79.98399999999982,0.838923795154513
80.08399999999982,0.657693397519793
80.18399999999981,0.9840660949291187
80.2839999999998,1.2941421073152444
80.3839999999998,0.8531929299420598
80.4839999999998,1.039973616003464
80.58399999999979,1.250230334937556
80.68399999999978,1.3179415922702433
80.78399999999978,1.4641750765695905
80.88399999999977,1.4662885135386199
80.98399999999977,1.1802417549844026
81.08399999999976,0.6176721127694392
81.18399999999976,0.9056323215060244
81.28399999999975,1.1636910573878876
81.38399999999974,1.0866912533437245
81.48399999999974,0.5064405744857361
81.58399999999973,0.7193197801084982
81.68399999999973,nan
81.78399999999972,0.7395193569893087
81.88399999999972,nan
81.98399999999971,1.2754903997072276
82.0839999999997,1.2787421278633322
82.1839999999997,0.6054095832525667
82.2839999999997,0.7260691859949083
82.38399999999969,0.7481937536165782
82.48399999999968,0.739889792475408
82.58399999999968,1.2080314679516313
82.68399999999967,0.5030268249109768
82.78399999999966,1.0759203451799386
82.88399999999966,0.8450645489697758
82.98399999999965,0.5706786705829355
83.08399999999965,0.2753475386708421
83.18399999999964,nan
83.28399999999964,0.9512596317191255
83.38399999999963,0.984385868634046
95.792,1.2375458970561384
95.892,0.9777000956259703
95.99199999999999,1.2041139633478322
96.09199999999998,0.8867263666002887
96.19199999999998,1.1460098219505386
96.29199999999997,0.8656104572604622
96.39199999999997,1.0244996429993296
96.49199999999996,0.6462831646455376
96.59199999999996,0.6148364008615346
96.69199999999995,1.126816999709724
96.79199999999994,nan
96.89199999999994,0.7569155818633398
96.99199999999993,0.7659336150213838
97.09199999999993,0.9165896153321522
97.19199999999992,nan
97.29199999999992,0.9447128273263397
97.39199999999991,0.8040506780170986
97.4919999999999,1.0333190171243787
97.5919999999999,0.8162731143219071
97.6919999999999,1.6163828650354155
97.79199999999989,1.1093835671473546
97.89199999999988,0.9015460671424611
97.99199999999988,0.41489827453402556
98.09199999999987,0.6127822708997468
98.19199999999987,0.7280855857353834
98.29199999999986,nan
98.39199999999985,0.8213512776494861
98.49199999999985,1.0075448042758532
98.59199999999984,0.5237539493389187
98.69199999999984,0.9786195776219687
98.79199999999983,1.2521679147737004
98.89199999999983,1.3991232833137426
98.99199999999982,1.612019437275464
99.09199999999981,1.212393861385669
99.19199999999981,1.2868439447303464
99.2919999999998,1.6028116008423532
99.3919999999998,1.1364447293255955
99.49199999999979,0.942538453580493
99.59199999999979,1.2905855875898897
99.69199999999978,0.9427156114099121
99.79199999999977,1.2333991764382966
99.89199999999977,1.2341718127744685
99.99199999999976,0.9995026946798836
100.09199999999976,0.9694317707511794
100.19199999999975,0.8412881609732213
100.29199999999975,0.8798482802393834
100.39199999999974,1.3207283097967648
100.49199999999973,1.0322508332139098
100.59199999999973,1.263948037304757
100.69199999999972,1.174766142982357
100.79199999999972,1.1979029985578682
100.89199999999971,0.6503129094963291
100.9919999999997,1.26469178670808
101.0919999999997,1.219014028929006
101.1919999999997,0.41978888624252414
101.29199999999969,1.224874299546825
101.39199999999968,1.0782824696433428
101.49199999999968,1.2955698809276082
101.59199999999967,0.7931772449338054
101.69199999999967,nan
101.79199999999966,0.4583188189413906
101.89199999999965,nan
101.99199999999965,0.038321725843901124
102.09199999999964,1.3418210730850677
102.19199999999964,0.6997837029567228
102.29199999999963,0.9776900219114608
102.39199999999963,1.2928151184365864
102.49199999999962,1.2361058533201117
102.59199999999962,1.2097296466998761
102.69199999999961,1.1340965247752022
102.7919999999996,1.1735681413232475
102.8919999999996,0.5550595511387106
102.99199999999959,1.0481978788260424
103.09199999999959,0.8469337601936717
103.19199999999958,1.0468279760646675
103.29199999999958,1.1028364726854216
103.39199999999957,1.0992035942544516
103.49199999999956,1.0799250872283803
103.59199999999956,nan
103.69199999999955,0.826446506604256
103.79199999999955,0.939502625831854
103.89199999999954,0.8004640362285332
103.99199999999954,0.8977210465657787
104.09199999999953,1.0001094371233161
104.19199999999952,0.9406299254380308
104.29199999999952,1.0727085567554744
104.39199999999951,0.9468607072779904
104.4919999999995,0.1928794130305434
104.5919999999995,0.9238050067953734
104.6919999999995,0.8920061188364198
104.79199999999949,0.9056870003130473
104.89199999999948,1.195711852598556
104.99199999999948,1.3654872659383859
105.09199999999947,1.1372278381834897
105.19199999999947,1.1086388586652431
105.29199999999946,1.6014019539191362
105.39199999999946,1.69869660983287
105.49199999999945,1.5873992039607867
105.59199999999944,1.2919542616808461
105.69199999999944,nan
105.79199999999943,0.5325229696942912
105.89199999999943,0.8395017471634659
105.99199999999942,1.1016509017630995
106.09199999999942,0.8208302619942438
106.19199999999941,1.1193208065907652
106.2919999999994,0.8844539230419528
106.3919999999994,0.49391861451595426
106.4919999999994,0.9700153473850798
106.59199999999939,0.8234838283632984
106.69199999999938,0.9551605880883871
106.79199999999938,0.5668006517090509
106.89199999999937,1.0699338530135278
106.99199999999936,1.226563514349335
107.09199999999936,1.122919226948013
107.19199999999935,0.917106325929608
107.29199999999935,0.9383138679657497
107.39199999999934,0.89620433336345
107.49199999999934,1.1078047471113108
107.59199999999933,1.2761502470318415
107.69199999999933,0.5940459168341867
107.79199999999932,1.096427942143865
107.89199999999931,1.3042669689760238
107.99199999999931,0.7774763906211939
108.0919999999993,0.09102670855967554
108.1919999999993,0.5509877502892367
108.29199999999929,0.3496527403848714
108.39199999999929,0.6152201997719071
108.49199999999928,0.5410919526557616
108.59199999999927,nan
108.69199999999927,0.7499999380944294
108.79199999999926,0.8109338566633342
108.89199999999926,1.0934278793150527
108.99199999999925,0.8344123835134292
109.09199999999925,nan
109.19199999999924,0.6530628270143441
109.29199999999923,0.5478847935614846
109.39199999999923,0.5389221523902021
109.49199999999922,0.21229603678565903
109.59199999999922,0.7813073318227427
109.69199999999921,1.1972958469704431
109.7919999999992,0.9152535797385164
109.8919999999992,0.6939079255391559
109.9919999999992,0.9543851892090103
110.09199999999919,0.3895563299094694
110.19199999999918,0.6395464895301637
110.29199999999918,0.7451920539152243
110.39199999999917,0.8246005841604694
110.49199999999917,0.36511791290102746
110.59199999999916,0.23548329516552485
110.69199999999915,nan
110.79199999999915,0.8279238700687587
110.89199999999914,0.500740992781054
110.99199999999914,nan
111.09199999999913,0.946980698089263
111.19199999999913,0.7997460848614905
111.29199999999912,1.2086912691476726
111.39199999999911,1.2735012454071433
111.49199999999911,0.5356640689612295
111.5919999999991,1.595466939728614
111.6919999999991,1.2142429627840368
111.79199999999909,1.234221075624368
111.89199999999909,0.7086098709611465
111.99199999999908,nan
112.09199999999908,0.4879076426446479
112.19199999999907,nan
112.29199999999906,0.4162183681185421
112.39199999999906,0.8859851625247831
112.49199999999905,nan
112.59199999999905,0.6921274759991803
112.69199999999904,0.5401892254781414
112.79199999999904,1.150709240461392
112.89199999999903,0.6568390919739453
112.99199999999902,0.5475346921502108
113.09199999999902,1.1711809115583982
113.19199999999901,0.8765790505861139
113.291999999999,0.7700739062756593
113.391999999999,0.6301391864056863
113.491999999999,0.8627162651298277
113.59199999999899,1.020489829531345
113.69199999999898,0.8394381689791729
113.79199999999898,1.0170497313849216
113.89199999999897,1.2661088784316603
113.99199999999897,0.7016270694558078
114.09199999999896,1.2610513389347242
114.19199999999896,0.8430264084153019
114.29199999999895,0.4603480285170674
114.39199999999894,0.9502882596338068
114.49199999999894,0.9805111185212233
114.59199999999893,0.9013708898884254
114.69199999999893,0.9792103215963074
114.79199999999892,1.1172707953739551
114.89199999999892,1.2835220771104139
114.99199999999891,0.4695437979886557
115.0919999999989,0.8646539089400617
115.1919999999989,1.0819563540872597
115.2919999999989,0.571409519294326
115.39199999999889,1.2148368889255012
121.536,1.122611221871402
121.636,0.9409819370560955
121.73599999999999,0.8301611663130517
121.83599999999998,1.0645728665471426
121.93599999999998,0.8615844128893068
122.03599999999997,1.106446234190178
122.13599999999997,1.121756843496923
122.23599999999996,1.1970717916160565
122.33599999999996,1.3780477539866216
122.43599999999995,1.275528360962132
122.53599999999994,1.1568366037742857
122.63599999999994,0.6759864277700842
122.73599999999993,nan
122.83599999999993,0.8608285918276112
122.93599999999992,0.9579733632684763
123.03599999999992,0.7213138560237652
123.13599999999991,0.9004770780068522
123.2359999999999,1.0833968739489512
123.3359999999999,1.0506673723451527
123.4359999999999,0.40004449006493564
123.53599999999989,0.9174146532278861
123.63599999999988,1.1379494856871035
123.73599999999988,1.1307937908878463
123.83599999999987,1.1216685492483378
123.93599999999986,0.7811942933971395
124.03599999999986,1.1428746463609125
124.13599999999985,1.386269551815977
124.23599999999985,0.7607965387172804
124.33599999999984,1.3762296321482577
124.43599999999984,0.9104033827356426
124.53599999999983,0.874426858153727
124.63599999999983,1.3058747659276093
124.73599999999982,1.2946029063363889
124.83599999999981,1.2497637417145553
124.93599999999981,0.8750275784099856
125.0359999999998,0.48466480081146246
125.1359999999998,nan
125.23599999999979,0.6819758789320999
125.33599999999979,0.8035985586985598
125.43599999999978,0.8276134502462695
125.53599999999977,0.7459890659883996
125.63599999999977,0.8899682133579906
125.73599999999976,1.109607477279476
125.83599999999976,0.27387987357784027
125.93599999999975,0.4922514812807522
126.03599999999975,nan
126.13599999999974,nan
126.23599999999973,0.3572849849120548
126.33599999999973,nan
126.43599999999972,0.4594004228324033
126.53599999999972,0.7424869293159948
126.63599999999971,nan
126.7359999999997,0.759887988092991
126.8359999999997,0.8669147848401538
126.9359999999997,nan
127.03599999999969,0.9736792882907137
127.13599999999968,0.3354690562404835
127.23599999999968,0.9763037506952851
127.33599999999967,nan
127.43599999999967,0.48209454055132517
127.53599999999966,0.6603359290737146
127.63599999999965,0.9646446474861768
127.73599999999965,0.9435102231179424
127.83599999999964,0.5310547714622358
127.93599999999964,0.5570682409885436
128.03599999999963,0.8199878961928674
128.13599999999963,nan
128.23599999999962,nan
128.33599999999961,nan
128.4359999999996,0.5440475823032124
128.5359999999996,nan
128.6359999999996,nan
128.7359999999996,0.8546617217128332
128.8359999999996,nan
128.93599999999958,0.835986907006888
129.03599999999958,0.9864164111018233
129.13599999999957,0.4799623958576728
129.23599999999956,0.9715847512268988
129.33599999999956,0.8879414322396776
129.472,nan
129.572,nan
129.672,nan
129.772,nan
129.87199999999999,0.8363774432671588
129.97199999999998,nan
130.07199999999997,1.0417328975914717
130.17199999999997,0.7863482056463899
130.27199999999996,0.986970154577393
130.37199999999996,0.7733202338773145
130.47199999999995,nan
130.57199999999995,0.7823591080372184
130.67199999999994,0.36034117650693387
130.77199999999993,0.9212346540998168
130.87199999999993,1.2179365835755878
130.97199999999992,0.46153874088103913
131.07199999999992,0.8337725026927355
131.1719999999999,1.1600927049632415
131.2719999999999,1.2826699973514937
131.3719999999999,1.1435426910297117
131.4719999999999,1.2802760428150184
131.5719999999999,1.3048688336173802
131.67199999999988,1.1855498390376942
131.77199999999988,0.7447182397055112
131.87199999999987,0.7130329152840895
131.97199999999987,0.9004798276778561
132.07199999999986,nan
132.17199999999985,nan
132.27199999999985,1.1305112933897363
132.37199999999984,1.1274901665512442
132.47199999999984,0.4666910954135092
132.57199999999983,1.0292393193354656
132.67199999999983,nan
132.77199999999982,0.9456963263329635
132.87199999999982,0.632533705944791
132.9719999999998,0.8615831356448412
133.0719999999998,1.0072075271906613
133.1719999999998,0.8631275377218305
133.2719999999998,1.0188907200448492
133.3719999999998,1.0002477943887682
133.47199999999978,0.7986241994286059
133.57199999999978,0.8031115871304135
133.67199999999977,0.6785759683401633
133.77199999999976,nan
133.87199999999976,0.713199962406233
133.97199999999975,1.0853309004634157
134.07199999999975,1.2782995007241504
134.17199999999974,1.15172106662652
134.27199999999974,1.1169489174039913
134.37199999999973,1.2382388516416047
134.47199999999972,1.1362156962884231
134.57199999999972,0.9721599606924898
134.6719999999997,1.057959880527206
134.7719999999997,1.1912458794029561
134.8719999999997,1.2366970658027991
134.9719999999997,0.9649759889132246
135.0719999999997,1.1434103644811757
135.17199999999968,1.2414700370080507
135.27199999999968,0.9435355906579443
135.37199999999967,1.2585495953797785
135.47199999999967,0.5500737556020953
135.57199999999966,1.311300347348455
135.67199999999966,1.0321055707625448
135.77199999999965,1.2377457335786706
135.87199999999964,1.3080710868095544
135.97199999999964,1.3422862050342927
136.07199999999963,1.0915394534040879
136.17199999999963,1.0744467573824807
136.27199999999962,1.4237475839784945
136.37199999999962,1.442628474858897
136.4719999999996,1.1369224995701352
136.5719999999996,1.3187754721498859
136.6719999999996,1.1009454435020756
136.7719999999996,0.8440553832908866
136.8719999999996,0.9886584644833958
136.97199999999958,1.4035779823861538
137.07199999999958,1.2365302109734422
137.17199999999957,0.5503802553504011
137.27199999999957,1.0590052502248821
137.37199999999956,1.142213436787668
137.47199999999955,1.134158139349101
137.57199999999955,1.152572328739087
137.67199999999954,1.0126013473186397
137.77199999999954,0.5235826826697281
137.87199999999953,1.0829783068565904
137.97199999999953,1.1898829812133527
138.07199999999952,1.100538050357894
138.1719999999995,1.1459445232577865
138.2719999999995,1.1175450695950928
138.3719999999995,0.5808500819536493
138.4719999999995,1.0989718066598606
138.5719999999995,1.0321149001581442
138.67199999999949,0.8187321311590288
138.77199999999948,0.6883729431766932
138.87199999999947,0.6596948467178999
138.97199999999947,1.0004972292134264
139.07199999999946,0.6719472886924456
139.17199999999946,nan
139.27199999999945,1.191472415729227
139.37199999999945,0.662508809557912
139.47199999999944,1.2509888375021625
139.57199999999943,1.163605472242256
139.67199999999943,0.6164857549318045
139.77199999999942,0.9423606785656661
139.87199999999942,1.3118817892488859
139.9719999999994,1.3201532649698606
140.0719999999994,1.4924128719997203
140.1719999999994,1.1468574070888444
140.2719999999994,1.2999927858191533
146.528,0.7469970255619763
146.628,1.1057706790504096
146.72799999999998,1.2241072568350417
146.82799999999997,1.1876031438158563
146.92799999999997,0.8283992448257569
147.02799999999996,0.4202179284673259
147.12799999999996,0.4397041128643313
147.22799999999995,nan
147.32799999999995,0.5896784060904752
147.42799999999994,1.2780909373049865
147.52799999999993,0.7908753318379798
147.62799999999993,0.748452939516693
147.72799999999992,0.3218626338448184
147.82799999999992,1.354991519038215
147.9279999999999,1.2045169307111623
148.0279999999999,1.4632956450434418
148.1279999999999,1.0874927344994638
148.2279999999999,0.9493726930251392
148.3279999999999,0.8852135027522083
148.42799999999988,1.1973787942662646
148.52799999999988,1.468999823623914
148.62799999999987,1.3082673004862848
148.72799999999987,1.6608435389749165
148.82799999999986,1.370318782596915
148.92799999999986,1.561206080339961
149.02799999999985,1.6388685745996616
149.12799999999984,1.0145816583828302
149.22799999999984,1.3938788974750556
149.32799999999983,1.6072551449509482
149.42799999999983,1.14418413746478
149.52799999999982,1.1560410763621958
149.62799999999982,1.2614125632012243
152.736,1.0730901127164594
152.83599999999998,1.1521359116158976
152.93599999999998,1.0017220499785855
153.03599999999997,0.6317869105879067
153.13599999999997,0.7738216871894271
153.23599999999996,1.0900259028065913
153.33599999999996,0.8546092508467841
153.43599999999995,1.174786985313047
153.53599999999994,0.5589619354755625
153.63599999999994,1.6118328910066262
153.73599999999993,1.0008964155294109
153.83599999999993,0.8217092633543085
153.93599999999992,0.6592781010006861
154.03599999999992,nan
154.1359999999999,1.0919766579044876
154.2359999999999,0.9060353483132246
154.3359999999999,1.3026590883559304
154.4359999999999,1.326382705419965
154.5359999999999,1.2852440210693505
154.63599999999988,1.4236416890261423
154.73599999999988,1.3884567941346533
154.944,1.1201142069751986
155.04399999999998,nan
155.14399999999998,nan
155.24399999999997,0.6992330897123877
155.34399999999997,0.6865080139064641
155.44399999999996,0.6643127337708944
155.54399999999995,0.662174025570024
155.64399999999995,nan
155.74399999999994,0.1976235835549497
155.84399999999994,0.6739770275164672
155.94399999999993,nan
156.04399999999993,0.8463439802828056
156.14399999999992,0.4637158491435432
156.24399999999991,0.5952709897361018
156.3439999999999,0.37369144813156036
156.4439999999999,nan
156.5439999999999,nan
156.6439999999999,0.5288963303737207
156.7439999999999,1.2670163923898414
156.84399999999988,1.0499897576721458
156.94399999999987,1.3444179277375627
157.04399999999987,1.184572250571885
157.14399999999986,1.2397707315097644
157.24399999999986,1.4404891102703432
157.34399999999985,1.4682626945879036
157.44399999999985,1.2707471372751495
157.54399999999984,0.9898387347888029
157.64399999999983,1.0418781380415
157.74399999999983,1.4174456817115508
161.856,0.5735086994339805
161.956,0.22534225524603643
162.05599999999998,nan
162.15599999999998,nan
162.25599999999997,0.4956556319854738
162.35599999999997,1.0621810315101816
162.45599999999996,0.7044242783994152
162.55599999999995,0.6511419772440272
162.65599999999995,nan
162.75599999999994,0.5881470734149612
162.85599999999994,0.47795429635680137
162.95599999999993,nan
163.05599999999993,0.8368795752995242
163.15599999999992,0.8273448132267444
163.25599999999991,1.037020875786255
163.3559999999999,0.9093387551408703
163.4559999999999,1.161113176836063
163.5559999999999,1.1354272856771148
163.6559999999999,0.7426288285376066
163.7559999999999,0.7851584748915604
163.85599999999988,1.196979169819492
163.95599999999988,1.131263490520921
164.05599999999987,1.2693562471552615
164.15599999999986,0.5051601945701806
164.25599999999986,0.8324668104215507
164.35599999999985,0.3797788658650904
164.45599999999985,0.7928091520078296
164.55599999999984,nan
164.65599999999984,nan
164.75599999999983,0.477889248472242
164.85599999999982,nan
164.95599999999982,0.9631250644398011
165.0559999999998,nan
165.1559999999998,nan
165.2559999999998,nan
165.3559999999998,0.9416433996428861
165.4559999999998,1.28850188053622
165.55599999999978,nan
165.65599999999978,1.132251631010576
165.75599999999977,0.9122454722972261
165.85599999999977,1.1788350961282426
165.95599999999976,0.48284893679064267
166.05599999999976,0.36397307131068934
166.15599999999975,0.1805359247662254
166.25599999999974,0.7259422407849268
166.35599999999974,1.0464297483552776
166.45599999999973,1.1859560984866682
166.55599999999973,1.0410211907491735
166.65599999999972,1.0693734175506702
166.75599999999972,1.2135100081977472
166.8559999999997,nan
166.9559999999997,0.9469164918224175
167.0559999999997,0.6409580380173501
167.1559999999997,1.0374062733562606
167.2559999999997,0.8744529713281041
167.35599999999968,nan
167.45599999999968,0.4294792749079705
167.55599999999967,0.920609696866268
167.65599999999966,0.9558000848571732
167.75599999999966,0.8041410029527882
167.85599999999965,1.2159320140372498
167.95599999999965,0.9489474842727709
168.05599999999964,0.1811444472034699
168.15599999999964,0.9058707576696553
168.25599999999963,0.5758544420591661
168.35599999999963,nan
168.45599999999962,1.0623447118906044
168.5559999999996,nan
168.6559999999996,0.8676691091187915
168.7559999999996,1.258051317599909
168.8559999999996,nan
168.9559999999996,nan
169.05599999999959,0.8682707025564083
169.15599999999958,nan
169.25599999999957,0.6345009183950986
169.35599999999957,0.7241277191050983
169.45599999999956,0.5864091058745535
169.55599999999956,1.1749221002187191
169.65599999999955,1.1002592865676026
169.75599999999955,1.0549732510644456
169.85599999999954,1.2499627254077827
169.95599999999953,1.2603202848777684
170.05599999999953,0.9020802391558392
170.15599999999952,0.6137570804724799
170.25599999999952,1.0374285493610775
170.3559999999995,0.7362958784205855
170.4559999999995,0.8699895074677876
170.5559999999995,0.44846271850078884
170.6559999999995,nan
170.7559999999995,0.969701048334572
170.85599999999948,1.1074013679778665
170.95599999999948,1.0852295023999643
171.05599999999947,0.8337619438405613
171.15599999999947,0.5678742645758439
171.25599999999946,0.7540380015892334
171.35599999999945,1.3794806229698313
171.45599999999945,1.4872266363105455
171.55599999999944,1.0646201574494614
171.65599999999944,nan
171.75599999999943,0.8185926695081297
171.85599999999943,0.9846767612819654
171.95599999999942,1.4702336634093598
182.592,0.9265570880059701
182.692,0.8196892388399816
182.792,0.9492761899570874
182.892,0.896307471385488
182.992,nan
183.09199999999998,0.5965728707397383
183.19199999999998,nan
183.29199999999997,1.3121151744862396
183.39199999999997,0.8149063008527122
183.49199999999996,1.1852787673065166
183.59199999999996,1.1193645556267846
183.69199999999995,0.6705078397190881
183.79199999999994,1.056928053508572
183.89199999999994,1.5017449135446437
183.99199999999993,1.1088934355413076
184.09199999999993,0.8444985483559287
184.19199999999992,0.8959138869443234
184.29199999999992,0.6859210752581337
184.3919999999999,0.9067113139958132
184.4919999999999,0.7337998090030697
192.064,1.1561395953905693
192.164,0.7973534794064073
192.26399999999998,0.8735268928566265
192.36399999999998,0.9652955315061197
192.46399999999997,0.7694327226531437
192.56399999999996,1.0904349526829964
192.66399999999996,1.3823647922911757
192.76399999999995,1.370488017796072
192.86399999999995,1.1386486891904863
192.96399999999994,1.1951493968318705
193.06399999999994,1.258282661967737
193.16399999999993,1.2821830243100736
193.26399999999992,0.9334594118171917
193.36399999999992,0.8469993742144243
193.4639999999999,0.7087038196944846
193.5639999999999,1.0681079498001709
193.6639999999999,0.947090506863469
193.7639999999999,0.4456639760168867
193.8639999999999,0.9659474010009043
193.96399999999988,0.2424110052684138
194.06399999999988,0.10462938168194721
194.16399999999987,0.6879219820192121
194.26399999999987,1.0207459073652305
194.36399999999986,1.0639837507559329
194.46399999999986,0.8446164692851349
194.56399999999985,0.5918215653465472
194.66399999999985,1.2879205641134774
194.76399999999984,0.8579397531807783
194.86399999999983,nan
194.96399999999983,0.4016368006492314
195.06399999999982,0.7491539460855269
195.16399999999982,0.7489512066068852
195.2639999999998,0.82560787170201
195.3639999999998,nan
195.4639999999998,1.1237834932749748
195.5639999999998,1.125383410850758
195.6639999999998,1.0085164050000437
195.76399999999978,0.7701378523873201
195.86399999999978,0.8192151905185439
195.96399999999977,0.6779428008014866
196.06399999999977,1.0515611969787284
196.16399999999976,1.3629943407013239
196.26399999999975,0.9442971739992063
196.36399999999975,0.9031854069674405
196.46399999999974,nan
196.56399999999974,0.49429110788051045
196.66399999999973,0.31333197086367354
196.76399999999973,0.32299490042754375
196.86399999999972,1.3526108503888474
196.96399999999971,0.8200674079586486
197.0639999999997,0.7816973824834021
197.1639999999997,1.170659781961777
197.2639999999997,0.9460372123550558
197.3639999999997,0.47885542120296926
197.4639999999997,nan
197.56399999999968,0.2225898705585731
197.66399999999967,0.38909277242497065
197.76399999999967,0.6705665108860778
197.86399999999966,0.9462666304543048
197.96399999999966,1.081607434015783
198.06399999999965,1.0875157553826529
198.16399999999965,1.2190555542761765
198.26399999999964,0.9267761890179779
198.36399999999963,1.0027245348485194
198.46399999999963,0.7234621668621898
198.56399999999962,0.9825905476571448
198.66399999999962,0.4532855618316764
198.7639999999996,0.8270780847520869
198.8639999999996,1.1718661564710668
198.9639999999996,1.2917559960588008
199.0639999999996,1.086841876674417
199.1639999999996,1.2794340578535066
199.26399999999958,0.8064432586207604
199.36399999999958,0.9540198909551422
199.46399999999957,1.0045520659578937
199.56399999999957,1.2693365241635919
199.66399999999956,0.6269110570176227
199.76399999999956,0.8488507128080147
199.86399999999955,0.8126002607968437
199.96399999999954,0.6898094113867438
200.06399999999954,1.0477970210055056
200.16399999999953,0.5089965364704798
200.26399999999953,0.5099442339516902
200.36399999999952,0.308407949671992
200.46399999999952,1.0416510258684029
200.5639999999995,nan
200.6639999999995,0.40548779197066037
200.7639999999995,0.8612196826649742
200.8639999999995,0.6102971899384464
200.9639999999995,1.0399553626724176
201.06399999999948,0.45551178206801524
201.16399999999948,0.4143150118818595
201.26399999999947,0.9525939759081749
201.36399999999946,1.375732981956781
201.46399999999946,0.7486932955738662
201.56399999999945,nan
201.66399999999945,0.6433909721912104
201.76399999999944,0.6442033248715917
201.86399999999944,1.3420853304476583
201.96399999999943,0.716884339244395
202.06399999999942,0.6566199998915699
202.16399999999942,0.9667513751155827
202.2639999999994,0.8655033433615902
202.3639999999994,1.029538114764625
202.4639999999994,0.8284537078091211
202.5639999999994,0.7780815995810664
202.6639999999994,1.2085581084829697
202.76399999999938,0.8158048372507879
202.86399999999938,0.6835493648136612
202.96399999999937,1.1156175689936068
203.06399999999937,0.5632994759722457
203.16399999999936,0.2618646304868671
203.26399999999936,0.9171891165887807
203.36399999999935,0.9144488553039137
203.46399999999934,0.6522821754813118
203.56399999999934,0.9215296586379635
203.66399999999933,0.9457923220254874
203.76399999999933,1.1118925954508243
203.86399999999932,0.16530547883611266
203.96399999999932,0.6935196733547252
204.0639999999993,1.2808204479524044
204.1639999999993,0.04459897971248895
204.2639999999993,1.0912931810447606
204.3639999999993,1.24071591512856
204.4639999999993,1.1950787259405204
204.56399999999928,0.883426224369751
204.66399999999928,1.2591774636321924
204.76399999999927,0.9610487473308617
204.86399999999927,1.0314672398237732
204.96399999999926,0.9924717476966745
205.06399999999925,0.49545299759597994
205.16399999999925,0.708693726626078
205.26399999999924,nan
205.36399999999924,0.8850748806806755
205.46399999999923,0.8496343511581442
205.56399999999923,0.6427941949448738
205.66399999999922,0.5195321317168522
205.7639999999992,0.9608835590355214
205.8639999999992,0.42694408719974974
205.9639999999992,0.1354034674360782
206.0639999999992,1.0734425677973989
206.1639999999992,1.38786778760128
206.26399999999919,0.916573707307492
206.36399999999918,1.0653248789388314
206.46399999999917,0.5301998177157942
206.56399999999917,1.0446109573923468
206.66399999999916,0.8166542128691603
206.76399999999916,0.7082611423609285
206.86399999999915,0.9426709602683526
206.96399999999915,1.4378663945205603
207.06399999999914,1.0781497885415807
207.16399999999913,1.0796147544762882
207.26399999999913,1.1907219790408152
207.36399999999912,0.9570832580652274
207.46399999999912,0.8814976984901322
207.5639999999991,1.215936086658607
207.6639999999991,0.6960609824945528
207.7639999999991,0.42036455387364086
207.8639999999991,1.2766194798007338
207.9639999999991,1.0202412377935233
208.06399999999908,0.6187214826612514
208.16399999999908,1.2798373855338465
208.26399999999907,1.4477251576159784
208.36399999999907,1.1097720955521169
208.46399999999906,0.9845563348859847
208.56399999999906,0.5188215320106042
208.66399999999905,0.6670127722353335
208.76399999999904,1.0536842227567627
208.86399999999904,1.0622196229860024
208.96399999999903,0.7015772700286357
209.06399999999903,nan
209.16399999999902,0.8351081091782596
209.26399999999902,0.9059342288216653
209.363999999999,1.098294436390193
209.463999999999,1.0675499059581
209.563999999999,0.7083970814960915
209.663999999999,0.8533647792451975
209.763999999999,0.3736885033024807
209.86399999999898,1.100395802144181
209.96399999999898,1.3082904319922892
210.06399999999897,0.8795077029357337
210.16399999999896,0.8349835737174796
210.26399999999896,0.8738112422724291
210.36399999999895,0.9841183727349954
210.46399999999895,1.2910154785491246
210.56399999999894,0.7863695469326549
210.66399999999894,0.4754270368074917
210.76399999999893,0.4841508175295936
210.86399999999892,0.588078776091905
210.96399999999892,0.6915560479638804
211.0639999999989,0.6393244836299322
211.1639999999989,0.3780508534048298
211.2639999999989,1.1468425341555057
211.3639999999989,0.7678542932014469
211.4639999999989,0.9002955811526006
211.56399999999888,0.7529349729041345
211.66399999999888,1.1591990254832785
211.76399999999887,1.0349261373457568
211.86399999999887,0.5679745392745683
211.96399999999886,nan
212.06399999999886,0.9561529061649805
212.16399999999885,1.0411985024990753
212.26399999999884,1.22941324886925
212.36399999999884,1.0474585219474684
212.46399999999883,0.8404803748052521
212.56399999999883,1.135354835864349
212.66399999999882,1.045838304291711
212.76399999999882,1.1240875059962732
212.8639999999988,1.132856001260335
212.9639999999988,1.2818038295732508
213.0639999999988,1.1143977028718373
213.1639999999988,1.1984099858497343
213.2639999999988,1.1607017774283028
213.36399999999878,0.4422414253136483
213.46399999999878,0.9835621845818356
213.56399999999877,0.8302678694280041
213.66399999999877,0.9043421588440731
213.76399999999876,1.2337004841178554
213.86399999999875,1.387955995944266
213.96399999999875,1.1488227756857734
214.06399999999874,1.2624722990541646
214.16399999999874,0.8477587627554087
214.26399999999873,0.9528596388586779
214.36399999999873,1.0056507657266354
214.46399999999872,1.184842787360385
214.5639999999987,0.9097434664398052
214.6639999999987,0.5009019447272799
214.7639999999987,1.3099577672272953
214.8639999999987,0.9618345059637355
214.9639999999987,1.3147330385231828
215.06399999999869,1.1975499554260742
215.16399999999868,1.130984759117076
215.26399999999867,0.8855804667079544
215.36399999999867,0.6065717958093296
215.46399999999866,1.3149205168284732
215.56399999999866,1.1982814224189258
215.66399999999865,0.5309910474073082
215.76399999999865,1.3008800457182028
215.86399999999864,1.0588608001243804
215.96399999999863,1.2332394602129242
216.06399999999863,1.2137942676147209
216.16399999999862,0.6865312566066522
216.26399999999862,0.9839903291155915
216.3639999999986,nan
216.4639999999986,1.2465544959942272
216.5639999999986,0.6348953627236795
216.6639999999986,0.37427333275373614
216.7639999999986,0.7172818069374406
216.86399999999858,0.9106088476140419
216.96399999999858,0.9885468722051867
217.06399999999857,0.5375461621614459
217.16399999999857,0.7560402123914547
217.26399999999856,1.051035725402155
217.36399999999855,1.1770250328998964
217.46399999999855,0.2812051908880517
217.56399999999854,1.1310419216789513
217.66399999999854,1.1149892973545052
217.76399999999853,0.7621506560039314
217.86399999999853,0.5979022862779892
217.96399999999852,1.1331097503508236
218.06399999999852,0.9855896787266887
218.1639999999985,1.2234852264585379
218.2639999999985,0.42686804385137384
218.3639999999985,0.5709707368594386
218.4639999999985,1.0469551667209096
218.5639999999985,0.8507601123983313
218.66399999999848,0.8318955457079612
218.76399999999848,0.8712503354679711
218.86399999999847,0.7902757431162362
218.96399999999846,0.6444424339269178
219.06399999999846,1.2503830403625513
219.16399999999845,1.2895845825117374
219.26399999999845,1.238797733176675
219.36399999999844,0.889622851396704
219.46399999999844,0.7277594208526937
219.56399999999843,0.6325645858262692
219.66399999999842,0.8183143472932851
219.76399999999842,1.1538154980524575
219.8639999999984,nan
219.9639999999984,0.5240894906558309
220.0639999999984,0.8562423851178277
220.1639999999984,0.9906058229199383
220.2639999999984,1.1380860731853053
220.36399999999838,1.4501067628476427
220.46399999999838,0.6727276126478778
220.56399999999837,0.9275948359020597
220.66399999999837,1.2942505203663994
220.76399999999836,0.933246301740231
220.86399999999836,1.3600887158353119
220.96399999999835,0.8928168971730296
221.06399999999834,0.5548969552995531
221.16399999999834,0.8155920178167758
221.26399999999833,1.2687761331040865
221.36399999999833,0.932193301260708
221.46399999999832,0.7096992217736914
221.56399999999832,1.3323495086619073
221.6639999999983,1.00321196432907
221.7639999999983,1.3168849206648336
221.8639999999983,0.879803565486655
221.9639999999983,0.7677908735377753
222.0639999999983,0.4046972766510902
222.16399999999828,0.7374066344807385
222.26399999999828,1.15221375303868
222.36399999999827,1.0090779234668399
222.46399999999826,0.8143537981293526
222.56399999999826,0.6588502350622587
222.66399999999825,nan
222.76399999999825,1.094934968491695
222.86399999999824,0.49407399341983615
222.96399999999824,0.32259432608461963
223.06399999999823,nan
223.16399999999823,1.1108756965277586
223.26399999999822,1.0601975100603485
223.3639999999982,0.3727796509465272
223.4639999999982,1.0640716606041623
223.5639999999982,1.3982474040981747
223.6639999999982,1.2900250436659093
223.7639999999982,1.1561567282776724
223.86399999999819,1.1967801121285027
223.96399999999818,1.1571709235745755
224.06399999999817,0.8412564399860497
224.16399999999817,0.2984664625385247
224.26399999999816,0.6822194927467307
224.36399999999816,1.036057684037595
224.46399999999815,1.3279906583307513
224.56399999999815,0.6809407599502962
224.66399999999814,0.39506127704266314
224.76399999999813,1.0951213874857468
224.86399999999813,0.8776031686497463
224.96399999999812,1.4873071022160864
225.06399999999812,1.3930878016212245
225.1639999999981,0.7658973362911037
225.2639999999981,0.7676597179540354
225.3639999999981,1.0771393455969211
225.4639999999981,1.2521219946311168
225.5639999999981,0.7850123478144626
225.66399999999808,0.6331423270729435
225.76399999999808,0.6229900524869679
225.86399999999807,1.0855549565886302
225.96399999999807,1.0254248628915423
226.06399999999806,1.150926305978769
226.16399999999805,0.7743924505119039
226.26399999999805,0.7504854476261764
226.36399999999804,0.38675313593157074
226.46399999999804,0.8458129893769982
226.56399999999803,0.9634966188308353
226.66399999999803,0.7528867401655244
226.76399999999802,0.9656426042216709
226.86399999999801,0.9470312465668493
226.963999999998,1.1377072140796154
227.063999999998,1.0703369586538973
227.163999999998,1.0871051009488228
227.263999999998,0.9648884596817858
227.363999999998,0.41782410341052956
227.46399999999798,nan
227.56399999999798,0.37076164897147684
227.66399999999797,0.9154312093857014
227.76399999999796,0.8015418168882926
227.86399999999796,1.0879619101081235
227.96399999999795,0.9849737128650977
228.06399999999795,1.1068228685667751
228.16399999999794,0.8620693096664472
228.26399999999794,0.6666088557235457
228.36399999999793,0.8973660987011077
228.46399999999792,0.5813997168337227
228.56399999999792,1.1784088722411856
228.6639999999979,1.0645589114532386
228.7639999999979,1.05764960574221
228.8639999999979,1.0478196012251464
228.9639999999979,0.7896882409925672
229.0639999999979,0.8282700469644666
229.16399999999788,0.8043701911563185
229.26399999999788,0.37586063623723326
229.36399999999787,0.6622479750562912
229.46399999999787,0.795894666318175
229.56399999999786,0.8960987273760492
229.66399999999786,0.8424766725371569
229.76399999999785,1.0093944068880714
229.86399999999784,0.9680919322366609
229.96399999999784,0.662943444000692
230.06399999999783,nan
230.16399999999783,0.36318536699184456
230.26399999999782,nan
230.36399999999782,0.07492637403979013
230.4639999999978,0.7478561258521768
230.5639999999978,0.4626086536706154
230.6639999999978,0.6587888500408983
230.7639999999978,1.0121950898388303
230.8639999999978,nan
230.96399999999778,0.9103556357276129
231.06399999999778,nan
231.16399999999777,0.7089828749283138
231.26399999999776,nan
231.36399999999776,0.7124257378209028
231.46399999999775,0.3601021279791514
231.56399999999775,1.1978322604502734
231.66399999999774,1.2045669495653137
231.76399999999774,0.6027946272347383
231.86399999999773,0.9201702999610217
231.96399999999772,0.8850810973820337
232.06399999999772,nan
232.1639999999977,nan
232.2639999999977,1.1343875878074277
232.3639999999977,0.6400457212567923
232.4639999999977,0.539815786411308
232.5639999999977,0.48752180750031104
232.66399999999769,nan
232.76399999999768,0.5611449475090605
232.86399999999767,0.8771964875579524
232.96399999999767,1.087711033825119
233.06399999999766,0.8399329030554149
233.16399999999766,0.9743947251020355
233.26399999999765,0.9144738256344958
233.36399999999765,0.8569829896240365
233.46399999999764,0.974271051133194
233.56399999999763,1.30945510032848
233.66399999999763,0.9285357282697368
233.76399999999762,0.5719379227644076
233.86399999999762,1.3331609632051074
233.9639999999976,0.6787794623725114
234.0639999999976,1.0561877750672135
234.1639999999976,1.04624674936726
234.2639999999976,0.42160424324908435
234.3639999999976,nan
234.46399999999758,0.8773761779301068
234.56399999999758,0.4334815101623722
234.66399999999757,0.6997573620511107
234.76399999999757,0.8245458666702485
234.86399999999756,0.8270518063455534
234.96399999999755,nan
235.06399999999755,0.30816432559876106
235.16399999999754,0.5447242652620586
235.26399999999754,1.3980588993418344
235.36399999999753,1.1334255825092299
235.46399999999753,1.335720073976676
235.56399999999752,1.1397600536933408
235.66399999999751,0.9910961590565315
235.7639999999975,0.9187762923677153
235.8639999999975,0.345333176486145
235.9639999999975,1.0631617007234635
236.0639999999975,0.8069012849391208
236.1639999999975,0.7907198234775445
236.26399999999748,0.6752029432993929
236.36399999999747,0.77674427546036
236.46399999999747,0.9211820927704625
236.56399999999746,0.4953713652639377
236.66399999999746,nan
236.76399999999745,0.9270560760659333
236.86399999999745,1.172515806197399
236.96399999999744,nan
237.06399999999743,0.7722561472434167
237.16399999999743,1.1985722774859182
237.26399999999742,1.0407090381220792
237.36399999999742,0.9816487776551461
237.4639999999974,0.826895449194899
237.5639999999974,0.8378648775237371
237.6639999999974,0.4800838983623678
237.7639999999974,0.7050094705764154
237.8639999999974,0.5012588208614732
237.96399999999738,0.3679356476390304
238.06399999999738,0.824190782034064
238.16399999999737,nan
238.26399999999737,1.0847119712086255
238.36399999999736,0.8462640115405756
238.46399999999736,1.0783855413848127
238.56399999999735,1.326437876984992
238.66399999999734,0.35141549154543156
238.76399999999734,0.8383785884338338
238.86399999999733,0.9262930885675011
238.96399999999733,0.5582936394741592
239.06399999999732,1.2361968788476527
239.16399999999732,1.316792996104864
239.2639999999973,0.5928313063063071
239.3639999999973,0.586622998834048
239.4639999999973,0.851764241295776
239.5639999999973,0.5419490136763876
239.6639999999973,0.4796780056108826
239.76399999999728,0.6769332152777144
239.86399999999728,0.7998458388663635
239.96399999999727,0.8976888679598435
240.06399999999726,1.155821639075083
240.16399999999726,0.8385797197772473
240.26399999999725,nan
240.36399999999725,0.770365371751885
240.46399999999724,0.8448190463667643
240.56399999999724,1.2691117471048747
240.66399999999723,0.9410071460322424
240.76399999999722,0.6683029235791954
240.86399999999722,1.1124410079135802
240.9639999999972,1.02181642564945
241.0639999999972,1.1185770571320741
241.1639999999972,1.0040998103675844
241.2639999999972,1.083434963652828
241.3639999999972,nan
241.46399999999718,0.9071866466927091
241.56399999999718,0.48902844354167535
241.66399999999717,0.6984607141783264
241.76399999999717,0.8961868355571111
241.86399999999716,0.909988383573306
241.96399999999716,1.2075674788895303
242.06399999999715,0.2662209269024067
242.16399999999715,0.6263266894106168
242.26399999999714,0.4945965767245955
242.36399999999713,0.2581496451095887
242.46399999999713,nan
242.56399999999712,0.7199253467661061
242.66399999999712,0.7103075679417981
242.7639999999971,0.5598992562254549
242.8639999999971,nan
242.9639999999971,0.8572407342325266
243.0639999999971,0.49410962900277206
243.1639999999971,0.7599712537690817
243.26399999999708,nan
243.36399999999708,0.33282121191172076
243.46399999999707,nan
243.56399999999707,1.2753012236557153
243.66399999999706,1.1157502328626516
243.76399999999705,1.1161818977337332
243.86399999999705,0.9258825372750019
243.96399999999704,0.7631686325980546
244.06399999999704,nan
244.16399999999703,0.8779582725331228
244.26399999999703,0.5931444686250956
244.36399999999702,0.9458406070846539
244.46399999999701,1.08302809636984
244.563999999997,1.3440016382475382
244.663999999997,0.7634540858572074
244.763999999997,1.1634858316266614
244.863999999997,0.6713000825460872
244.963999999997,1.039643683898929
245.06399999999698,0.9035264982827087
245.16399999999697,1.2090196694143187
245.26399999999697,0.9390131816826761
245.36399999999696,1.3657233757100118
245.46399999999696,0.13417474653758088
245.56399999999695,1.0795385589886812
245.66399999999695,1.1587508588769706
245.76399999999694,0.7455426965937932
248.656,1.0860996965584977
248.756,1.1388318177513612
248.856,0.934563974849359
248.956,0.7559565612942798
249.05599999999998,nan
249.15599999999998,0.23132603235982477
249.25599999999997,nan
249.35599999999997,nan
249.45599999999996,0.42538377497818214
249.55599999999995,nan
249.65599999999995,0.7339849941316499
249.75599999999994,0.2582402147754406
249.85599999999994,0.724398554049561
249.95599999999993,0.5272156080966851
250.05599999999993,1.0563901467893413
250.15599999999992,1.0089713162650749
250.25599999999991,1.1687567933737646
250.3559999999999,0.4833705651805712
250.4559999999999,0.7471310719438481
250.5559999999999,1.0891055472273201
250.6559999999999,0.7959617225879172
250.7559999999999,0.6167877993367319
250.85599999999988,nan
250.95599999999988,0.575725913518182
251.05599999999987,0.46692447810486565
251.15599999999986,0.9565996455181943
251.25599999999986,1.0803127504754626
251.35599999999985,1.185653099206792
251.45599999999985,0.7434252580401135
251.55599999999984,nan
251.65599999999984,0.726966642827184
251.75599999999983,0.752601299878415
251.85599999999982,0.889731390503633
251.95599999999982,0.865841803477814
252.0559999999998,0.6864543122448942
252.1559999999998,0.7874344762743405
252.2559999999998,0.7192838276781263
252.3559999999998,1.1842988643798114
252.4559999999998,1.2759665591134166
252.55599999999978,1.215837208607595
252.65599999999978,0.30047558092640914
252.75599999999977,nan
252.85599999999977,0.6986682607963983
252.95599999999976,nan
253.05599999999976,0.42324609752170195
253.15599999999975,0.9057343859423759
253.25599999999974,0.8586317949023291
253.35599999999974,nan
253.45599999999973,1.032820224829051
253.55599999999973,0.2536146361450162
253.65599999999972,1.039763286461481
253.75599999999972,0.7790084850993721
253.8559999999997,0.4349001918903259
253.9559999999997,0.8989800102389127
254.0559999999997,0.680811461466773
254.1559999999997,1.0069184987553756
254.2559999999997,1.0795033900266162
254.35599999999968,0.6251219889838302
254.45599999999968,0.9011169139715592
254.55599999999967,0.5501357693286671
254.65599999999966,0.9194222448471173
254.75599999999966,0.5314209070654149
254.85599999999965,0.4571173119836004
254.95599999999965,0.6569902773489268
255.05599999999964,1.1628649688130985
255.15599999999964,0.9986319744078648
255.25599999999963,1.0338061258011804
255.35599999999963,0.8326105566255221
255.45599999999962,0.9409995446297259
255.5559999999996,0.9223159755302047
255.6559999999996,1.0989585387201353
255.7559999999996,0.7752669704117655
255.8559999999996,nan
255.9559999999996,1.0539985360792021
256.0559999999996,nan
256.1559999999996,0.6654903102388553
256.2559999999996,0.27743385141058835
256.35599999999954,0.554493730183316
256.45599999999956,0.8507989163336174
256.5559999999996,1.302868364414056
256.65599999999955,0.7380424654788905
256.7559999999995,0.8567881050685136
256.85599999999954,0.4156753468257733
256.95599999999956,1.2248347683736305
257.05599999999953,0.6443561941052598
257.1559999999995,1.010666971418137
257.2559999999995,0.4038915912584758
257.35599999999954,0.5009316025820962
257.4559999999995,0.9932769645677677
257.5559999999995,0.9760470056464079
261.88,0.8771968011857787
261.98,0.7274610957907159
262.08000000000004,1.0857247420801825
262.18000000000006,1.308663844079842
262.2800000000001,1.0820974669072392
262.3800000000001,0.6505421608548146
262.48000000000013,0.7785220343011889
262.58000000000015,0.09285795777440664
262.6800000000002,0.7608084718248505
262.7800000000002,0.5680210374742358
262.8800000000002,0.8360306745679711
262.98000000000025,0.7480198097584014
263.08000000000027,0.562679848902194
263.1800000000003,1.2324421311972917
263.2800000000003,0.17070441787070179
263.38000000000034,0.7515239845661754
263.48000000000036,0.35953480286658623
263.5800000000004,nan
263.6800000000004,0.38922072986874445
263.7800000000004,1.1227687879281247
263.88000000000045,0.7518833831478734
263.9800000000005,0.44595710234523384
264.0800000000005,0.6302522534044698
264.1800000000005,1.183335354360688
264.28000000000054,1.0066348533470837
264.38000000000056,0.7569642847755141
264.4800000000006,0.9720515687984772
264.5800000000006,1.2432710265060851
264.68000000000063,1.4288005171064486
264.78000000000065,0.7116193568841555
264.8800000000007,nan
264.9800000000007,0.7356529282935583
265.0800000000007,0.9382470160691252
265.18000000000075,nan
265.28000000000077,nan
265.3800000000008,0.46930526954454876
265.4800000000008,nan
265.58000000000084,0.6347454160688948
265.68000000000086,nan
265.7800000000009,0.2959142690913797
265.8800000000009,0.38927020489412323
265.9800000000009,0.5331208827284276
266.08000000000095,0.8565565618461647
266.180000000001,nan
266.280000000001,0.981180357579949
266.380000000001,nan
266.48000000000104,0.3298878728968219
266.58000000000106,1.2322030328282665
266.6800000000011,0.9088615209843925
266.7800000000011,0.8256405271173278
266.88000000000113,0.7617570974423273
266.98000000000116,0.8145453253095337
267.0800000000012,1.0715520410410193
267.1800000000012,0.5350643703219338
267.2800000000012,0.6225712736103938
267.38000000000125,0.6348190937066973
267.48000000000127,0.24540343624741665
267.5800000000013,1.0888516498196235
267.6800000000013,0.48953505770028344
267.78000000000134,0.35182469524703497
267.88000000000136,0.47409017567158385
267.9800000000014,0.6271896581358082
268.0800000000014,0.24993113042328516
268.1800000000014,0.62780389826295
268.28000000000145,0.888474494280313
268.3800000000015,1.0265229306612096
268.4800000000015,0.6964659888097618
268.5800000000015,1.0387933681828434
268.68000000000154,1.2207438062067393
268.78000000000156,0.7877816827140367
268.8800000000016,0.8703919700381103
268.9800000000016,nan
269.08000000000163,0.8545039774921251
269.18000000000166,0.6803987542267114
269.2800000000017,0.49128029425775077
269.3800000000017,0.4492117393097171
269.4800000000017,0.46118155170000774
269.58000000000175,0.8315614650460746
269.68000000000177,0.37178866893893964
269.7800000000018,0.18412552539584728
269.8800000000018,0.5723879799142089
269.98000000000184,0.7619098511870991
270.08000000000186,0.956772186958691
270.1800000000019,0.9155189595366278
270.2800000000019,nan
270.3800000000019,0.9579041497626417
270.48000000000195,0.6663364142860985
270.580000000002,1.2390268994364173
270.680000000002,0.6684914370626338
270.780000000002,0.5223933033202643
270.88000000000204,0.14762392458497534
270.98000000000206,0.22742679420302983
271.0800000000021,0.7789216033238675
271.1800000000021,nan
271.28000000000213,0.9001938169086354
271.38000000000216,0.698270835744731
271.4800000000022,nan
271.5800000000022,0.5060840907065317
271.6800000000022,0.44549171295402973
271.78000000000225,0.260143354206744
271.88000000000227,0.8256668504404886
271.9800000000023,0.48000366430820013
272.0800000000023,nan
272.18000000000234,0.6197832803244435
272.28000000000236,0.7826115489783568
272.3800000000024,0.7327782016322472
272.4800000000024,0.5829256490119682
272.5800000000024,0.748338614674532
272.68000000000245,0.5644635862370422
272.7800000000025,0.699567835556979
272.8800000000025,0.543815426244835
272.9800000000025,0.7219310879039704
273.08000000000254,1.1513959166906187
273.18000000000256,0.9036425008906726
273.2800000000026,0.9573594573548618
273.3800000000026,1.2801032628881779
273.48000000000263,0.9774854291705526
273.58000000000266,1.3061915805206972
273.6800000000027,nan
273.7800000000027,0.8104770909419183
273.8800000000027,0.9536746463828001
273.98000000000275,0.4739711997841407
274.08000000000277,0.5649390775153827
274.1800000000028,0.3372251830832592
274.2800000000028,0.21284866448559306
274.38000000000284,0.7194968387350091
274.48000000000286,0.9851979734844291
274.5800000000029,0.6226260666062085
274.6800000000029,0.5680137723814473
274.78000000000293,1.1389859321625047
274.88000000000295,1.1655503894076014
274.980000000003,0.6544405991108531
275.080000000003,0.9365066041943081
275.180000000003,0.7179389102676998
275.28000000000304,0.6057471269625618
275.38000000000306,0.8342969773808301
275.4800000000031,0.9455109979926182
275.5800000000031,0.8766264404728229
275.68000000000313,0.32134509176362674
275.78000000000316,0.5755624640427845
275.8800000000032,nan
275.9800000000032,nan
276.0800000000032,nan
276.18000000000325,0.8433060354592925
276.28000000000327,nan
276.3800000000033,0.6324989099057488
276.4800000000033,1.029051124566886
276.58000000000334,0.8168745017216695
276.68000000000336,1.2534938191788472
276.7800000000034,nan
276.8800000000034,0.7940892820983033
276.98000000000343,1.1748260929581769
277.08000000000345,0.9634043861855869
277.1800000000035,0.3711762074696212
277.2800000000035,nan
277.3800000000035,0.5682636382144111
277.48000000000354,nan
277.58000000000357,0.46360251884041004
277.6800000000036,nan
277.7800000000036,0.514829712771235
277.88000000000363,0.07179117026425075
277.98000000000366,1.0345334335543184
278.0800000000037,0.7532743417178617
278.1800000000037,0.8426268735234786
278.2800000000037,0.4468624172376202
278.38000000000375,0.558194090002275
278.48000000000377,1.0815715692334669
278.5800000000038,0.6743565409446359
278.6800000000038,0.6428772207865463
278.78000000000384,0.9899821401368685
278.88000000000386,0.7246772601644568
278.9800000000039,0.6186347702227689
279.0800000000039,nan
279.18000000000393,0.7627442199898695
279.28000000000395,nan
279.380000000004,nan
