0.0,0.5879521724597407
0.1,0.6787204054995749
0.2,0.7794003756893413
0.30000000000000004,1.0013488941198034
0.4,0.7949088208936821
0.5,0.7098957846343379
0.6000000000000001,0.9799939375755947
0.7000000000000001,0.8038250688385536
0.8,0.6892593764743866
0.9,0.09824264628487368
1.0,0.4488233566564614
1.1,0.34150527211874854
1.2000000000000002,0.37697962003028257
1.3,0.7391655426199502
1.4000000000000001,0.4141061941620258
1.5,0.07464530771281522
1.6,0.36858931712106624
1.7000000000000002,0.6408855522694805
1.8,0.584831456608207
1.9000000000000001,nan
2.0,0.5638686389754519
2.1,0.6085531672438609
2.2,0.2821821119228738
2.3000000000000003,0.8386354913292514
2.4000000000000004,0.2451558490008287
2.5,nan
2.6,0.46775402166857966
2.7,0.4071978311140931
2.8000000000000003,nan
2.9000000000000004,0.4820155593047983
3.0,0.7260818632251204
3.1,0.7480848525729685
3.2,0.9693611395835241
3.3000000000000003,1.2258206321319183
3.4000000000000004,1.009033510012609
3.5,1.040547532292914
3.6,0.526892316163086
3.7,0.44448194567868904
3.8000000000000003,0.9144661632246892
3.9000000000000004,0.9120690932853681
4.0,0.6007713113190158
4.1000000000000005,0.5135789185835613
4.2,0.602092436461633
4.3,0.7488915298136183
4.4,nan
4.5,0.4399644287243973
4.6000000000000005,0.1437289686066221
4.7,0.9227030902535829
4.800000000000001,0.41402277438545626
4.9,0.4688818708416664
5.0,0.7887129917472011
5.1000000000000005,0.36252726964385634
5.2,0.6451657227583206
5.300000000000001,0.8561235234968453
5.4,0.8621444465220175
5.5,0.7226264882254883
5.6000000000000005,0.6433480603999118
5.7,0.5835647689762855
5.800000000000001,0.6733176454532164
5.9,0.5007627718903098
6.0,0.3981730737024413
6.1000000000000005,nan
6.2,0.7655671612786062
6.300000000000001,0.5723940602528135
6.4,0.11248920226811866
6.5,0.23984310539693177
6.6000000000000005,0.48386075235467274
6.7,0.7419317121983269
6.800000000000001,0.8991468357699512
6.9,0.5512487596307645
7.0,0.4742058109975046
7.1000000000000005,0.8312804725855519
7.2,0.5154097771844788
7.300000000000001,0.8626902881870616
7.4,0.8378109100739098
7.5,nan
7.6000000000000005,0.4982004710280402
7.7,0.587544260921738
7.800000000000001,1.2598402898433039
7.9,1.3356208724848628
8.0,1.4350774426259776
8.1,1.422478490589625
8.200000000000001,1.4084859156242675
8.3,0.8288595872809789
8.4,1.0748777651204786
8.5,0.23361404757589874
8.6,0.4520403801869012
8.700000000000001,1.0995144208069374
8.8,1.0950022468261538
8.9,1.3259798739611899
9.0,0.9880273971023544
9.1,nan
9.200000000000001,nan
9.3,nan
9.4,nan
9.5,0.22578512846408286
9.600000000000001,0.3191179010644366
9.700000000000001,0.6391020699399957
9.8,0.9483877210581267
9.9,0.7450830494133696
10.0,0.7925859726953058
10.100000000000001,0.6665735508273513
10.200000000000001,nan
10.3,0.45186921744761865
10.4,0.11967301813410532
10.5,nan
10.600000000000001,0.5772920663511757
10.700000000000001,nan
10.8,nan
10.9,0.18729696443499175
11.0,0.639424015323311
11.100000000000001,0.6079277031168118
11.200000000000001,0.567287416996236
11.3,0.6110160387875913
11.4,nan
11.5,0.5172538642720873
11.600000000000001,0.7579452551445158
11.700000000000001,0.7110942950540489
11.8,0.7657767451653439
11.9,0.7447211052003784
12.0,0.7213922741669675
12.100000000000001,0.98035587967781
12.200000000000001,0.8632642661344152
12.3,0.9006299444746728
12.4,0.5834928323172215
12.5,0.9205780404207143
12.600000000000001,0.6005878193042535
12.700000000000001,0.6608967903137434
12.8,0.670292345163209
12.9,0.3756735948675361
13.0,0.769088793105586
13.100000000000001,0.8413692787061667
13.200000000000001,0.6711915749320516
13.3,0.8095361865887707
13.4,0.9118585418338543
13.5,0.7754262793337828
13.600000000000001,0.5186166121776783
13.700000000000001,0.6818560718181145
13.8,0.6254025432167982
13.9,1.0830732971834114
14.0,0.8469361361278692
14.100000000000001,1.1790529528110338
14.200000000000001,0.986978169610785
14.3,1.0240920716810364
14.4,0.890602543319645
14.5,1.3925636257462186
14.600000000000001,1.4575208092948555
14.700000000000001,1.3616568528172217
14.8,0.9566958970935178
14.9,1.017092661057681
15.0,1.1654828753111028
15.100000000000001,1.397377704355752
15.200000000000001,1.4561655752463942
15.3,1.47917044456631
15.4,1.0179066843118587
15.5,1.0860079080715728
15.600000000000001,1.0339093361002543
15.700000000000001,0.6011381273206949
15.8,0.9977500741319849
15.9,1.1886783918530535
16.0,1.2889518142680048
16.1,1.0925466989489143
16.2,1.257190229368524
16.3,nan
16.400000000000002,0.6227177275038428
16.5,1.0764583577281996
16.6,1.2176160777361182
16.7,0.9752550690463514
16.8,0.8829877088402095
16.900000000000002,1.1056163100738443
17.0,1.2857624573945146
17.1,1.1043354239139436
17.2,1.2366313708453243
17.3,1.1880309584572657
17.400000000000002,1.170540307303695
17.5,1.1605888073014943
17.6,0.8995691735907246
17.7,0.7773174342537035
17.8,1.397734018190001
17.900000000000002,1.01125080068844
18.0,1.0120145351561167
18.1,1.1812418924694952
18.2,1.3050373592181632
18.3,0.9467416597628397
18.400000000000002,1.0548131156215705
18.5,1.19382683469423
18.6,0.9816485053289806
18.7,0.7880806094745241
18.8,0.3862201815911176
18.900000000000002,0.851488979681578
19.0,0.5968524838433498
19.1,0.8250094831469662
19.200000000000003,1.0158668613144808
19.3,1.111459959273472
19.400000000000002,1.0771466880899558
19.5,0.8647132172208996
19.6,0.6699329597828534
19.700000000000003,0.3974072581358013
19.8,0.4577293559977698
19.900000000000002,0.8220199826854131
20.0,0.4958363748723699
20.1,0.40083472537910536
20.200000000000003,0.6239301115210485
20.3,0.5527961138918842
20.400000000000002,0.6591268780031638
20.5,0.23578330737496517
20.6,0.33846550469878417
20.700000000000003,0.7220493446423897
20.8,0.4297562324603234
20.900000000000002,nan
21.0,0.721406738150799
21.1,0.3182138729355131
21.200000000000003,0.35377913717235143
21.3,0.4748654649807564
21.400000000000002,0.6981083256063795
21.5,0.49445304890100594
21.6,0.5205150092356524
21.700000000000003,0.3598232430357922
21.8,0.30841241497948796
21.900000000000002,0.4113546140004292
22.0,0.6217582321144387
22.1,nan
22.200000000000003,0.23590433847117476
22.3,0.4666925814588731
22.400000000000002,0.4431280348544864
22.5,0.4744553741898804
22.6,0.41723619362763364
22.700000000000003,0.6585144806847664
22.8,0.9920498952490359
22.900000000000002,nan
23.0,0.4586209304902862
23.1,nan
23.200000000000003,0.6560423562280051
23.3,nan
23.400000000000002,0.4225628500447787
23.5,0.24503204563539707
23.6,0.5192085279372567
23.700000000000003,0.5841378901392965
23.8,0.7428078326936831
23.900000000000002,0.4545950752553126
24.0,0.4629986588070492
24.1,0.2574968893659627
24.200000000000003,0.4412016592429804
24.3,0.37255496530102866
24.400000000000002,0.3581507796240783
24.5,0.5397806379195138
24.6,0.3854934687472616
24.700000000000003,nan
24.8,nan
24.900000000000002,0.6050846986434575
25.0,0.27481546812507307
25.1,nan
25.200000000000003,0.3983338885680343
25.3,nan
25.400000000000002,nan
25.5,nan
25.6,0.6618780097283715
25.700000000000003,0.4643411238258948
25.8,0.5892680480747173
25.900000000000002,0.6559860466865076
26.0,nan
26.1,0.43242595240403714
26.200000000000003,0.387094278067115
26.3,0.3531018251836103
26.400000000000002,0.6855631690566454
26.5,0.44960669673969483
26.6,0.5881173787290881
26.700000000000003,nan
26.8,0.45132079472429115
26.900000000000002,0.48032485521345597
27.0,0.7254249733640695
27.1,nan
27.200000000000003,0.5484867647830611
27.3,0.510199404229347
27.400000000000002,0.7282914251585957
27.5,0.3308720433993757
27.6,nan
27.700000000000003,0.15945875994195471
27.8,0.6397583592108024
27.900000000000002,0.4335220487944005
28.0,0.6594244970727925
28.1,0.689161056613152
28.200000000000003,0.5176270371013866
28.3,0.23954889294009687
28.400000000000002,nan
28.5,0.49400265212546474
28.6,nan
28.700000000000003,0.33188796601557197
28.8,0.28044948886571053
28.900000000000002,0.43693329901312095
29.0,0.6873473671853534
29.1,0.726119853759418
29.200000000000003,nan
29.3,0.3907239956245223
29.400000000000002,0.5474151363199864
29.5,0.5991506895506556
29.6,0.6419162330190104
29.700000000000003,0.29979905618210145
29.8,nan
29.900000000000002,nan
30.0,0.11040685530587704
30.1,0.4377976422365346
30.200000000000003,0.445325982334521
30.3,0.7334532881810941
30.400000000000002,nan
30.5,nan
30.6,nan
30.700000000000003,0.6970784874684239
30.8,0.6155996216325051
30.900000000000002,0.5474451511836572
31.0,0.4869108473245872
31.1,0.5129947685692041
31.200000000000003,nan
31.3,0.7187409652198337
31.400000000000002,0.3221697187723021
31.5,0.8466003122924504
31.6,0.572876617502336
31.700000000000003,0.6670228571482729
31.8,0.4081054645408307
31.900000000000002,0.8889370428572199
32.0,0.6336194917905605
32.1,0.7697325714382377
32.2,0.3041188775054574
32.300000000000004,0.4797924605926712
32.4,0.44942153099169246
32.5,0.4255238571872523
32.6,0.635801596455995
32.7,nan
32.800000000000004,0.5620848842428142
32.9,0.7004772000998157
33.0,0.17676765253703058
33.1,0.2397765889344291
33.2,nan
33.300000000000004,nan
33.4,nan
33.5,nan
33.6,nan
33.7,0.17045139707019794
33.800000000000004,0.5914387838394465
33.9,0.6349272366645109
34.0,0.5187518808800882
34.1,0.20989878054931085
34.2,0.35418876291844564
34.300000000000004,0.5154209465471971
34.4,nan
34.5,nan
34.6,0.48903047485892
34.7,0.5264288926169924
34.800000000000004,nan
34.9,0.3777138226245823
35.0,0.22220467772745306
35.1,0.643759736169675
35.2,0.5620695210655672
35.300000000000004,nan
35.4,0.584318542923625
35.5,0.32476959620604406
35.6,0.5872590239839847
35.7,0.6288171164991367
35.800000000000004,0.37547177329019016
35.9,nan
36.0,0.5803208579464653
36.1,0.4764124341965103
36.2,nan
36.300000000000004,0.19053347773469298
36.4,0.522843217768079
36.5,0.07159277447455895
36.6,nan
36.7,0.5798358086497698
36.800000000000004,nan
36.9,0.6250225277138635
37.0,1.0323504983650513
37.1,1.2453641914605185
37.2,1.1800069145961591
37.300000000000004,1.0886087692933155
37.4,0.8592358561958064
37.5,0.6111952226970762
37.6,nan
37.7,nan
37.800000000000004,0.2509353442819548
37.9,0.5248997766356615
38.0,0.1226740181337066
38.1,0.4639323293109929
38.2,0.5864646533400123
38.300000000000004,0.7535912142412262
38.400000000000006,0.15589749344997234
38.5,0.312519610893226
38.6,nan
38.7,0.3126055628051231
38.800000000000004,0.45326740413123084
38.900000000000006,0.9260017212628542
39.0,nan
39.1,nan
39.2,0.681628778479322
39.300000000000004,0.4525063044067739
39.400000000000006,nan
39.5,0.6795114149514937
39.6,0.29653649842115665
39.7,0.07427968532543468
39.800000000000004,0.2907939027609602
39.900000000000006,nan
40.0,nan
40.1,nan
40.2,0.4479575301698083
40.300000000000004,0.38032598144254637
40.400000000000006,nan
40.5,nan
40.6,0.5432046347799232
40.7,0.28020904572653443
40.800000000000004,nan
40.900000000000006,0.3917460462021956
41.0,0.28618969642867426
41.1,nan
41.2,0.3422864876440011
41.300000000000004,nan
41.400000000000006,nan
41.5,0.3802465057280605
41.6,0.2763721290180642
41.7,nan
41.800000000000004,0.35189328425129585
41.900000000000006,0.21928926239921726
42.0,nan
42.1,0.2829817271269343
42.2,0.2969681383853215
42.300000000000004,0.3507250362493421
42.400000000000006,0.6536315282375137
42.5,0.4424367853612545
42.6,nan
42.7,0.6611137958222596
42.800000000000004,0.43902267582270604
42.900000000000006,nan
43.0,0.32016999868008517
43.1,0.45044512462593866
43.2,0.3345514223058344
43.300000000000004,0.20467115021636612
43.400000000000006,0.4062863988920548
43.5,0.38004206328768936
43.6,0.7245715331884872
43.7,0.7524221409245483
43.800000000000004,0.3959938638985067
43.900000000000006,0.37547113444212016
44.0,0.732464303851352
44.1,0.6924704678919366
44.2,0.5996785170194083
44.300000000000004,0.25955251591684886
44.400000000000006,0.546401990941864
44.5,0.6323877533753189
44.6,0.7753263565553703
44.7,0.4917303342179165
44.800000000000004,0.6925944666682232
44.900000000000006,0.7632348410335383
45.0,0.6950570279314446
45.1,0.04496773811242827
45.2,0.8115673244360351
45.300000000000004,0.5936882527638806
45.400000000000006,nan
45.5,0.6561597131799137
45.6,0.7801406515173495
45.7,0.4922023043298989
45.800000000000004,0.5570064594020342
45.900000000000006,0.9633732656579134
46.0,0.7751278649154156
46.1,1.0921533033378206
46.2,0.4964578676935541
46.300000000000004,0.5960338747934262
46.400000000000006,0.5656677593764287
46.5,0.41283221102170553
46.6,1.1608770885582795
46.7,0.8169370808970317
46.800000000000004,0.3385987133692768
46.900000000000006,0.9064202291721262
47.0,1.311011970546269
47.1,0.8511159197438782
47.2,0.6711020457305553
47.300000000000004,0.8337586307289526
47.400000000000006,0.8081125250090941
47.5,0.9424777146060128
47.6,0.8672367640835879
47.7,0.5174634304697614
47.800000000000004,0.9591650015913207
47.900000000000006,1.2705836821597525
48.0,nan
48.1,0.48027716114346203
48.2,0.4652313704630608
48.300000000000004,0.9453249345426782
48.400000000000006,0.9500036614808453
48.5,1.0975379761939767
48.6,0.7183375329159551
48.7,0.6811489618100007
48.800000000000004,1.0185306108268861
48.900000000000006,0.8338649277094549
49.0,0.8853020403324049
49.1,0.7956794362155287
49.2,0.6547736707497158
49.300000000000004,0.7494169060207501
49.400000000000006,0.826503588548225
49.5,0.8289911076379465
49.6,0.7708106680425061
49.7,nan
49.800000000000004,0.7057427510186655
49.900000000000006,0.5220160740718143
50.0,0.7861038250264675
50.1,1.090665397286944
50.2,1.220117759746558
50.300000000000004,0.44880919376952433
50.400000000000006,0.40018580744923293
50.5,0.8464837130216106
50.6,0.7554412988174992
50.7,1.213496161459492
50.800000000000004,0.7007331249013868
50.900000000000006,0.6614854065247816
51.0,nan
51.1,0.6291969369568251
51.2,nan
51.300000000000004,0.6825568264699879
51.400000000000006,0.6509076372076995
51.5,0.5839927115661192
51.6,0.3541471104843603
51.7,0.5505348888516923
51.800000000000004,0.5986308113607487
51.900000000000006,0.8803245846660984
52.0,0.681593938901244
52.1,nan
52.2,0.3034587786339039
52.300000000000004,0.9350108695663676
52.400000000000006,0.4630742919527146
52.5,0.1491845337760037
52.6,0.3937724429372102
52.7,0.3237731967879718
52.800000000000004,0.6410281362378311
52.900000000000006,0.4349381292197825
53.0,0.5474285008055947
53.1,0.28449961025264703
53.2,0.2808076320295887
53.300000000000004,0.2162652509108197
53.400000000000006,0.3689561724226265
53.5,0.5168054691220376
53.6,0.4154643254718794
53.7,0.3982357209217751
53.800000000000004,nan
53.900000000000006,0.49998881589535293
54.0,0.45590862060896625
54.1,nan
54.2,0.8952162631379015
54.300000000000004,0.8268095706114263
54.400000000000006,0.4140282782913378
54.5,0.6737042435234217
54.6,0.6850388387551017
54.7,nan
54.800000000000004,0.36661412476393235
54.900000000000006,0.2505397676422379
55.0,nan
55.1,nan
55.2,0.1701697125746178
55.300000000000004,0.5969310482229147
55.400000000000006,0.4523156967907171
55.5,0.28803479765223694
55.6,0.529364684277816
55.7,nan
55.800000000000004,nan
55.900000000000006,0.12954431644951622
56.0,0.7036018162121757
56.1,0.43868980975664423
56.2,0.6151092449415603
56.300000000000004,0.28902286030585345
56.400000000000006,0.3716205340399278
56.5,0.09533689864412084
56.6,0.5269660619593252
56.7,0.6443878310232452
56.800000000000004,0.5945486221145787
56.900000000000006,0.9082831874197771
57.0,0.9117509458720672
57.1,1.0664810610439763
57.2,0.7005092172146111
57.300000000000004,0.9230937328460745
57.400000000000006,0.8655166030351682
57.5,0.4787203834498331
57.6,0.8562763483810176
57.7,0.5330210230433379
57.800000000000004,0.8041450495753573
57.900000000000006,1.050722021067617
58.0,0.9271133612393209
58.1,0.8950321656158806
58.2,1.1703223526897306
58.300000000000004,1.0240965219695237
58.400000000000006,1.104738486263697
58.5,0.9951586940085522
58.6,0.9919312894374521
58.7,0.9795133440398786
58.800000000000004,1.2810077248497045
58.900000000000006,1.2670274400403636
59.0,1.2523238604350984
59.1,1.0785101321442638
59.2,0.997080908580893
59.300000000000004,0.42489204040199824
59.400000000000006,0.8381483953600494
59.5,0.47486268675274956
59.6,0.6212176957674974
59.7,0.3773268756654716
59.800000000000004,0.7723445574148176
59.900000000000006,0.7213603526246583
60.0,0.3627323257553473
60.1,0.48511310642056693
60.2,0.6388004273443113
60.300000000000004,0.44316592486777207
60.400000000000006,1.0519045820914383
60.5,0.33524796761110714
60.6,0.5727254432174922
60.7,0.9689996702587875
60.800000000000004,0.9899106355845463
60.900000000000006,0.9990562088242287
61.0,1.1283042987582883
61.1,1.3574210196774525
61.2,1.27296309196295
61.300000000000004,0.5845085786335515
61.400000000000006,0.8689867825849219
61.5,0.4501915756740639
61.6,0.4469196518845841
61.7,0.3501665096713977
61.800000000000004,0.1088467739526006
61.900000000000006,0.2907637931902034
62.0,0.39702137973160734
62.1,0.5826523661315194
62.2,0.4979401678039452
62.300000000000004,0.11823222134021104
62.400000000000006,0.25717157564946636
62.5,0.7316154686859756
62.6,0.9326693040431057
62.7,0.8254466511392727
62.800000000000004,0.9270771387585034
62.900000000000006,0.664789706281902
63.0,0.5976942522841728
63.1,0.4674523917918216
63.2,nan
63.300000000000004,0.6979928668470614
63.400000000000006,0.2533805727304359
63.5,0.43152861668036385
63.6,0.5976284314785099
63.7,0.9957901288973854
63.800000000000004,0.6926794865183576
63.900000000000006,0.25359443117262453
64.0,0.6554055291710987
64.10000000000001,0.7367398804076879
64.2,0.7339683602416557
64.3,0.5414509054197845
64.4,0.38839061778916295
64.5,0.6271855773684616
64.60000000000001,0.12671466091795394
64.7,0.48971840707024256
64.8,0.564678192381581
64.9,0.43712320606703686
65.0,nan
65.10000000000001,0.7611984203902548
65.2,0.19139077201968052
65.3,0.7087747733971469
65.4,0.6569377232137158
65.5,0.6779649162690076
65.60000000000001,nan
65.7,0.6536847380642001
65.8,0.5526146408806394
65.9,0.43985046687651197
66.0,0.5237178355615858
66.10000000000001,0.28575940322016813
66.2,0.4992203868709587
66.3,0.39323812942498493
66.4,0.43821193236617756
66.5,0.3043904754478601
66.60000000000001,0.394231783929346
66.7,0.5235719383200617
66.8,0.6329592808753087
66.9,0.22329606736349075
67.0,0.6612710621482981
67.10000000000001,nan
67.2,nan
67.3,0.4697093487627105
67.4,0.2078240857244954
67.5,nan
67.60000000000001,0.5140667585732019
67.7,0.6557832557251451
67.8,0.4703647538531531
67.9,0.585295153576143
68.0,0.7120907268385316
68.10000000000001,0.27523846871037044
68.2,nan
68.3,0.5384920677491958
68.4,0.5200664278242314
68.5,0.6046478815433033
68.60000000000001,0.47106404070973085
68.7,0.6343843090805894
68.8,nan
68.9,0.39557143800009253
69.0,nan
69.10000000000001,0.2948894471141797
69.2,0.4250816840426513
69.3,0.23242445464582295
69.4,0.48098284964454235
69.5,0.9672159655545983
69.718,0.9628284484656323
69.818,1.0259986352880321
69.91799999999999,1.301903899250923
70.01799999999999,1.3446180300748751
70.11799999999998,1.0788034483275477
70.21799999999998,1.0246112196209924
70.31799999999997,1.3732691173653662
70.41799999999996,0.6748390721679214
70.51799999999996,0.7043580731534215
70.61799999999995,0.5202785494582698
70.71799999999995,0.5843795006336532
70.81799999999994,0.7972707840288408
70.91799999999994,1.3277353373877452
71.01799999999993,1.0145646364697667
71.11799999999992,1.1591244936154232
71.21799999999992,1.05597746607122
71.31799999999991,1.2186684843656372
71.4179999999999,0.6349108025832019
71.5179999999999,0.5508691887243975
71.6179999999999,0.44276683451113297
71.71799999999989,0.5220073433958873
71.81799999999988,0.6643267938638351
71.91799999999988,0.8624910438660426
72.01799999999987,0.7144337204193447
72.11799999999987,0.474830357086291
72.21799999999986,0.7608523394269583
72.31799999999986,0.45263456808696745
72.41799999999985,0.7760137999373782
72.51799999999984,0.7910144632191595
72.61799999999984,0.28604004795250054
72.71799999999983,0.7416447247242698
72.81799999999983,0.3720898158052178
72.91799999999982,nan
73.01799999999982,nan
73.11799999999981,0.23134411314057188
73.2179999999998,0.5501127495124369
73.3179999999998,0.39331530989307434
73.4179999999998,0.8323748142715233
73.51799999999979,0.3193827524701117
73.61799999999978,nan
73.71799999999978,nan
73.81799999999977,0.7496146859405617
73.91799999999976,0.6990762597223712
74.01799999999976,0.8857159493503487
74.11799999999975,0.9762689848826929
74.21799999999975,1.4004861251398875
74.31799999999974,1.2379039342353646
74.41799999999974,0.9882151663976563
74.51799999999973,1.4684727566840239
74.61799999999972,1.165895761977783
74.71799999999972,0.6460269680877732
74.81799999999971,0.5097699784136783
74.91799999999971,0.9096219333277844
75.0179999999997,nan
75.1179999999997,0.3326412918367335
75.21799999999969,0.5820530562989757
75.31799999999969,0.4358267939587842
75.41799999999968,0.7013751788399964
75.51799999999967,0.6545508986650896
75.61799999999967,0.6149315916091435
75.71799999999966,0.9204042280291052
75.81799999999966,1.0978613856313244
75.91799999999965,0.49840120410843036
76.01799999999965,0.9423342877796634
76.11799999999964,nan
76.21799999999963,0.3812922381948918
76.31799999999963,0.4547056054711627
76.41799999999962,0.4160444480201904
76.51799999999962,0.5478386975482843
76.61799999999961,0.41287317182906497
76.7179999999996,0.34960983523422917
76.8179999999996,0.2447078052879404
76.9179999999996,0.29863224006591393
77.01799999999959,0.7179205093666937
77.11799999999958,0.36012876349675077
77.21799999999958,nan
77.31799999999957,0.4206386654563927
77.41799999999957,0.45006261576418094
77.51799999999956,0.3804952850272372
77.61799999999955,0.5084627780137089
77.71799999999955,0.6433538394740107
77.81799999999954,0.3099779506024793
77.91799999999954,0.1337110759747595
78.01799999999953,0.3030672529464071
78.11799999999953,0.39760066019180074
78.21799999999952,0.772159433838399
78.31799999999951,0.5610866852721824
78.41799999999951,nan
78.5179999999995,0.4437284810875563
78.6179999999995,nan
78.71799999999949,0.2437541465410594
78.81799999999949,0.2972624091148825
78.91799999999948,nan
79.01799999999947,0.49289189281289497
79.11799999999947,0.18155733862065435
79.21799999999946,0.2907794670544561
79.31799999999946,0.5588414081143087
79.41799999999945,nan
79.51799999999945,0.41013612890227175
79.61799999999944,0.35465371854420785
79.71799999999944,0.6181892526400872
79.81799999999943,0.15087288986813346
79.91799999999942,nan
80.01799999999942,0.495778077536802
80.11799999999941,0.672320298242119
80.2179999999994,0.8795542243500797
80.3179999999994,0.7972397945461287
80.4179999999994,1.0384841577723825
80.51799999999939,1.1738360355105157
80.61799999999938,0.8724771138435782
80.71799999999938,1.1605924241765417
80.81799999999937,0.9047853040418586
80.91799999999937,0.43343046741222657
81.01799999999936,0.30259794247536337
81.11799999999936,0.5481350394261099
81.21799999999935,0.5310124069291352
81.31799999999934,0.4344337640270129
81.41799999999934,0.7351610697265142
81.51799999999933,0.5497236673993647
81.61799999999933,nan
81.71799999999932,0.47166935379460256
81.81799999999932,0.40289786912269165
81.91799999999931,0.4825338193879618
82.0179999999993,0.6929860600478802
82.1179999999993,nan
82.2179999999993,0.12893089767064866
82.31799999999929,0.45794023415628127
82.41799999999928,0.428236768811813
82.51799999999928,0.7425825602302177
82.61799999999927,0.3884319946416294
82.71799999999926,0.6271228637261822
82.81799999999926,0.5152398799504947
82.91799999999925,0.8398680606408734
83.01799999999925,0.6431767152291796
83.11799999999924,0.4945825590612572
83.21799999999924,0.5788083396818493
83.31799999999923,0.8862586409232095
83.41799999999922,0.20083507632000833
83.51799999999922,0.508972959599747
83.61799999999921,0.7179617715903132
83.71799999999921,1.2258109459081143
83.8179999999992,0.7297695696889903
83.9179999999992,0.8534681966052398
84.01799999999919,1.3510948327650967
84.11799999999918,1.3611003383298252
84.21799999999918,1.1592294074435128
84.31799999999917,0.7377130533067057
84.41799999999917,1.0087936202490824
84.51799999999916,0.8646194518099283
84.61799999999916,nan
84.71799999999915,0.8005951578681465
84.81799999999915,0.5988639712615045
84.91799999999914,0.726847566906091
85.01799999999913,0.7316549750402069
85.11799999999913,0.7675166765810909
85.21799999999912,0.6744534802342451
85.31799999999912,0.5025930684070965
85.41799999999911,0.996600010540637
85.5179999999991,0.8049883234545022
85.6179999999991,0.7822303343751816
85.7179999999991,0.7147826445622298
85.81799999999909,nan
85.91799999999908,nan
86.01799999999908,nan
86.11799999999907,nan
86.21799999999907,nan
86.31799999999906,0.2997298395450808
86.41799999999905,0.5674237650337324
86.51799999999905,0.5797650642471217
86.61799999999904,0.6595308869413792
86.71799999999904,0.14478152796951
86.81799999999903,0.6800886818028931
86.91799999999903,0.46485045039711215
87.01799999999902,0.7228345851431022
87.11799999999901,0.5354908515507852
87.21799999999901,0.7405091055748451
87.317999999999,0.7682751159132367
87.417999999999,0.493174073009212
87.51799999999899,0.2248749605452451
87.61799999999899,0.8030197051665304
87.71799999999898,0.7170874072305085
87.81799999999897,0.5627924156783749
87.91799999999897,0.41151494083075735
88.01799999999896,nan
88.11799999999896,0.5700033415220008
88.21799999999895,0.9344223060930794
88.31799999999895,0.8924760773856759
88.41799999999894,0.40794879568056025
88.51799999999893,1.059860221702843
88.61799999999893,1.2449381622555395
88.71799999999892,0.9156862487733544
88.81799999999892,0.5313948764907055
88.91799999999891,0.6905001336970018
89.0179999999989,0.8241506049114483
89.1179999999989,0.5259545713732102
89.2179999999989,0.6188520219340936
89.31799999999889,0.6284145462682399
89.41799999999888,0.7079327810998643
89.51799999999888,0.6461585802023744
89.61799999999887,0.8365480702988176
89.71799999999887,0.6564091640714345
89.81799999999886,0.6826690983106635
89.91799999999886,0.7301239776489099
90.01799999999885,0.372123658604761
90.11799999999884,0.5461881572234534
90.21799999999884,0.6210217051624193
90.31799999999883,0.5452123290816248
90.41799999999883,0.7136857874890793
90.51799999999882,nan
90.61799999999882,0.20966094649031647
90.71799999999881,0.4722662724479147
90.8179999999988,0.4088550553564171
90.9179999999988,nan
91.01799999999879,0.41209363821155454
91.11799999999879,nan
91.21799999999878,0.14843175964876235
91.31799999999878,0.22984150305504994
91.41799999999877,nan
91.51799999999876,0.2961815821342074
91.61799999999876,0.6236380542647759
91.71799999999875,0.8100095427854341
91.81799999999875,0.7311532005724662
91.91799999999874,0.33652342060915197
92.01799999999874,0.41538146717865293
92.11799999999873,0.3483296198598568
92.21799999999872,nan
92.31799999999872,0.66570789952007
92.41799999999871,0.6256067469062023
92.51799999999871,0.6630200560779467
92.6179999999987,0.595817321523463
92.7179999999987,nan
92.81799999999869,0.5769292142238964
92.91799999999868,0.28051747719171855
93.01799999999868,0.3433762254789078
93.11799999999867,0.5093411324295712
93.21799999999867,nan
93.31799999999866,nan
93.41799999999866,0.2748058667461506
93.51799999999865,nan
93.61799999999864,nan
93.71799999999864,0.39360641267045826
93.81799999999863,nan
93.91799999999863,0.6997224050324523
94.01799999999862,0.5159944472767454
94.11799999999862,0.774034553783518
94.21799999999861,0.4538898454215105
94.3179999999986,0.27623539761529897
94.4179999999986,0.3380676923536225
94.5179999999986,0.06603470628905073
94.61799999999859,0.3530318482658299
94.71799999999858,0.45963682321546506
94.81799999999858,0.7245662363733759
94.91799999999857,0.6847152198513917
95.01799999999857,0.7069220058140029
95.11799999999856,0.3289482044710366
95.21799999999855,0.08128466946227948
95.31799999999855,nan
95.41799999999854,0.3614541255158996
95.51799999999854,0.561783091616486
95.61799999999853,0.8211614829549277
95.71799999999853,0.7523159743466833
95.81799999999852,0.5797911289786928
95.91799999999851,0.5363920258709068
96.01799999999851,0.42894363242275274
96.1179999999985,0.3489381789237654
96.2179999999985,0.7943401074713557
96.31799999999849,0.8989359259971523
96.41799999999849,1.1548029805647244
96.51799999999848,0.4829956560066381
96.61799999999847,0.4140088694552037
96.71799999999847,0.4941614055880028
96.81799999999846,nan
96.91799999999846,0.2243292257907783
97.01799999999845,0.6999876867824939
97.11799999999845,nan
97.21799999999844,0.9856347356987829
97.408,nan
97.508,0.5628410921689677
97.60799999999999,0.14859650262374824
97.70799999999998,0.30447478311855697
97.80799999999998,0.24788661963779657
97.90799999999997,0.5208186080231418
98.00799999999997,0.3784145912813027
98.10799999999996,0.6298692593949723
98.20799999999996,nan
98.30799999999995,0.8296549018919714
98.40799999999994,0.8100940838720242
98.50799999999994,1.1230408770715434
98.60799999999993,1.1820145062473255
98.70799999999993,0.5981164969370426
98.80799999999992,0.5571024838257962
98.90799999999992,0.4230005678892238
99.00799999999991,0.7832602995625187
99.1079999999999,0.35237079921395353
99.2079999999999,0.5692259764008527
99.3079999999999,0.967881243796622
99.40799999999989,1.1566492282022938
99.50799999999988,0.9150410866101455
99.60799999999988,0.7494402710923028
99.70799999999987,0.5513162018757325
99.80799999999986,0.20275183376344175
99.90799999999986,0.2932572751464778
100.00799999999985,nan
100.10799999999985,0.4389355210134845
100.20799999999984,0.40970076744015393
100.30799999999984,0.2423760079757815
100.40799999999983,0.270680275298689
100.50799999999983,0.5608818714159536
100.60799999999982,0.7964970404456391
100.70799999999981,0.5007182221944096
100.80799999999981,0.6523465717603742
100.9079999999998,0.5113572402620479
101.0079999999998,0.5170970977640363
101.10799999999979,0.5133144978116484
101.20799999999979,0.7075080991101217
101.30799999999978,0.602403699876767
101.40799999999977,0.09931476257181014
101.50799999999977,0.25268713061344233
101.60799999999976,nan
101.70799999999976,0.31088239527003453
101.80799999999975,nan
101.90799999999975,0.39048357604707923
102.00799999999974,nan
102.10799999999973,nan
102.20799999999973,0.1353921902298822
102.30799999999972,nan
102.40799999999972,0.44605980976522674
102.50799999999971,0.5476609030503532
102.6079999999997,0.7860441685164463
102.7079999999997,0.6097832895458268
102.8079999999997,0.7929740151142025
102.90799999999969,0.9084882307648271
103.00799999999968,1.069666743970442
103.10799999999968,0.2244703254692918
103.20799999999967,0.7046500343559102
103.30799999999967,0.7075591218687821
103.40799999999966,1.0144306924359006
103.50799999999965,0.8679363934461916
103.60799999999965,1.1197799780536677
103.70799999999964,1.4255946047966936
103.80799999999964,1.314185224706153
103.90799999999963,1.3703884041103673
104.00799999999963,1.0107506583170367
104.10799999999962,1.014323926492946
104.20799999999961,0.8220828641719786
104.30799999999961,0.776645352164417
104.4079999999996,0.6773242215795044
104.5079999999996,0.7270364748531651
104.60799999999959,0.5273105275322725
104.70799999999959,0.5660405850685392
104.80799999999958,0.8057391770748402
104.90799999999957,0.6104773856603345
105.00799999999957,nan
105.10799999999956,0.07755153637088616
105.20799999999956,0.46146052199369625
105.30799999999955,0.6160146552220499
105.40799999999955,0.44622029963722043
105.50799999999954,0.6447194147142932
105.60799999999954,1.0601338091517365
105.70799999999953,0.5971112450935242
105.80799999999952,0.5053856523813017
105.90799999999952,1.0794362859501476
106.00799999999951,nan
106.1079999999995,nan
106.2079999999995,nan
106.3079999999995,0.48772129599070146
106.40799999999949,0.5206219109437464
106.50799999999948,0.3463936740052532
106.60799999999948,0.6961766893183385
106.70799999999947,1.0185999647350383
106.80799999999947,1.234646727427558
106.90799999999946,1.193411149729729
107.00799999999946,0.9068631175539679
107.10799999999945,0.7503546176503874
107.20799999999944,1.0181280529575754
107.30799999999944,0.8323841798907755
107.40799999999943,0.8962891440798837
107.50799999999943,0.9069743348013599
107.60799999999942,1.3156608259631957
107.70799999999942,1.4518099491930232
107.80799999999941,1.4344594498407781
107.9079999999994,0.6142520962577787
108.0079999999994,0.9913087693158293
108.1079999999994,0.6731667567956053
108.20799999999939,0.9445148948252201
108.30799999999938,0.6475945474050535
108.40799999999938,0.6740359960385518
108.50799999999937,0.6595976219113335
108.60799999999936,1.1366726951892099
108.70799999999936,0.7796074714792309
108.80799999999935,0.8992972838545085
108.90799999999935,0.846139913784105
109.00799999999934,0.955464035868263
109.10799999999934,0.8489162195416513
109.20799999999933,0.5176182323955003
109.30799999999932,0.6225734543863376
109.40799999999932,0.726810769514778
109.50799999999931,0.31214521413848184
109.60799999999931,0.5820468746334522
109.7079999999993,0.5156024147792991
109.8079999999993,0.6434213203036461
109.90799999999929,1.489977271275409
110.00799999999929,0.6265526920790411
110.10799999999928,0.20949212649928606
110.20799999999927,0.756943747592805
110.30799999999927,1.301076745170386
110.40799999999926,1.5572019582574215
110.50799999999926,1.2503176991886746
110.60799999999925,1.0332935349446952
110.70799999999925,1.2503295936219985
110.80799999999924,1.4714095587560847
116.704,0.7645428573905543
116.80399999999999,0.8043863307790704
116.90399999999998,1.213868214208717
117.00399999999998,1.41162909485198
117.10399999999997,1.2428705775031441
117.20399999999997,1.3040057271764232
117.30399999999996,1.2329297350729822
117.40399999999995,1.2345829042531817
117.50399999999995,1.308288453095146
117.60399999999994,1.1982534363826267
117.70399999999994,1.182988992503193
117.80399999999993,1.1306197144927892
117.90399999999993,1.1611592042273904
118.00399999999992,1.3535968518652928
118.10399999999991,1.2819007852252555
118.20399999999991,0.8735094111983441
118.3039999999999,1.0699559830794474
118.4039999999999,1.4624821539267634
118.50399999999989,1.2465920507773367
118.60399999999989,0.8927024858992489
118.70399999999988,1.3770202771157432
118.80399999999987,1.457996102180902
118.90399999999987,1.1461991791320445
119.00399999999986,1.170135721772135
119.10399999999986,1.2474103367901268
119.20399999999985,0.9497661621873903
119.30399999999985,1.2082403543143958
119.40399999999984,1.3575133472605063
119.50399999999983,1.1135812263076705
119.60399999999983,1.3053030187859593
119.70399999999982,1.4077325496404935
119.80399999999982,1.4368841697100296
119.90399999999981,1.3054982546639862
120.0039999999998,1.406671276407226
120.1039999999998,1.3986488446958336
120.2039999999998,0.9546139791196073
120.30399999999979,0.5742892784026529
120.40399999999978,0.9998341765024039
120.50399999999978,1.0860280072773791
120.60399999999977,0.7051118180569607
120.70399999999977,0.3543035357445948
120.80399999999976,1.0754013929873814
120.90399999999975,1.4696723700703966
121.00399999999975,1.3086730560848667
121.10399999999974,1.2299669386935268
121.20399999999974,1.4505142877316595
121.30399999999973,1.4399033930750442
121.40399999999973,1.2343527442781979
121.50399999999972,1.393895859704619
121.60399999999971,1.3381523622097726
121.70399999999971,1.0694569406280996
121.8039999999997,1.2267652094127826
121.9039999999997,1.4090278003136496
122.00399999999969,1.2647120660341666
122.10399999999969,1.2589139557854727
122.20399999999968,1.2872002019335875
122.30399999999968,1.0469874101626433
122.40399999999967,1.252986698245862
122.50399999999966,1.2845630765795566
122.60399999999966,1.2209387596963597
122.70399999999965,1.0946912495570673
122.80399999999965,1.3909603463189613
122.90399999999964,1.2086242459557557
123.00399999999964,1.0516549700906261
123.10399999999963,1.1940083562961707
123.20399999999962,1.33767106819262
123.30399999999962,1.432652846099941
123.40399999999961,1.470459823660051
123.5039999999996,0.9240135460370054
123.6039999999996,0.9037986829653402
123.7039999999996,1.2170595267174327
123.80399999999959,1.0632922629831467
123.90399999999958,1.3053458353652077
124.00399999999958,1.2497753271047476
124.10399999999957,0.570992464045194
124.20399999999957,0.1022118570943901
124.30399999999956,0.4349328899199796
124.40399999999956,0.6456158091757757
124.50399999999955,0.7547910514827572
124.60399999999954,1.3217818755980404
124.70399999999954,1.274719872425742
124.80399999999953,1.0338175751685026
124.90399999999953,0.7377530459751804
125.00399999999952,1.0989347280118003
125.10399999999952,0.3566080511854049
125.20399999999951,0.3207979560335231
125.3039999999995,0.8390950047340764
125.4039999999995,1.2649511137826577
125.5039999999995,0.9967126459484502
125.60399999999949,nan
125.70399999999948,nan
125.80399999999948,0.46940926598407845
125.90399999999947,1.234758240063549
126.00399999999946,1.2942081811717299
126.10399999999946,1.1290235893476859
126.20399999999945,0.4968000695154461
126.30399999999945,0.7141749802492483
126.40399999999944,1.4436125068336754
126.50399999999944,1.2006908801284233
126.60399999999943,0.779377908796173
126.70399999999943,0.3637489483925244
126.80399999999942,0.6809966382479778
126.90399999999941,1.0915896981267958
127.00399999999941,1.4066090342889102
127.1039999999994,1.3469958564007027
127.2039999999994,1.2944314045740257
127.30399999999939,1.103809006260554
127.40399999999939,1.2440332213908767
127.50399999999938,0.7009436150410633
127.60399999999937,0.9216989544124651
127.70399999999937,nan
127.80399999999936,0.34486234145102573
127.90399999999936,1.1016894984824814
128.00399999999934,0.6844636441078219
128.10399999999936,0.6381361989699842
128.20399999999933,0.6049968846785934
128.30399999999935,1.0984759287874537
128.40399999999931,1.3453216027768315
128.50399999999934,1.3556618851758235
128.6039999999993,1.304008394419341
128.70399999999933,1.374248057012251
128.8039999999993,1.2989637147950115
128.90399999999931,0.8066732673552898
129.00399999999928,0.23053395132068122
129.1039999999993,0.19833404199307866
129.20399999999927,0.22935047300101014
129.3039999999993,0.9271695032879312
129.40399999999926,1.081271794233115
129.50399999999928,1.184155838721717
129.60399999999925,1.1240540068342966
129.70399999999927,1.027839976911935
129.80399999999923,1.2680295693148687
129.90399999999926,1.1509049762493253
130.00399999999922,0.6698045867096146
130.10399999999925,0.769993047279078
130.2039999999992,1.0738005922460767
130.30399999999923,1.0298325604713614
130.4039999999992,0.9752956508367621
130.50399999999922,1.3458501548593296
130.6039999999992,1.277743630379365
130.7039999999992,1.3691420962534424
130.80399999999918,1.2385832039837374
130.9039999999992,1.3821561406447056
131.00399999999917,0.5695055036222201
131.1039999999992,0.6405802560337911
131.20399999999916,0.6429012367264957
131.30399999999918,0.4341319134504795
131.40399999999914,1.1716168811503043
131.50399999999917,1.247079836194777
131.60399999999913,0.8347175462214552
131.70399999999916,nan
131.80399999999912,0.8443135655962594
131.90399999999914,0.7033276662278729
132.0039999999991,0.44887118649966146
132.10399999999913,0.7281917872959629
132.2039999999991,0.9023477645403212
132.30399999999912,1.1604724412492315
132.4039999999991,1.292560103313533
132.5039999999991,0.8775840934525203
132.60399999999908,1.3394345794186295
132.7039999999991,1.3067793800788858
132.80399999999906,1.140958602889174
132.9039999999991,0.8760241849221868
133.00399999999905,0.9643146061247573
133.10399999999908,0.8828124731092627
133.20399999999904,1.0277344872919274
133.30399999999906,1.1651405613224886
133.40399999999903,1.307733806104594
133.50399999999905,0.6993654526795056
133.60399999999902,1.0348665979260534
133.70399999999904,0.594171278865653
133.803999999999,0.5314540060010317
133.90399999999903,0.7804077965033493
134.003999999999,1.1314465073782645
134.10399999999902,1.139486114169511
134.20399999999898,0.6044078249876531
134.303999999999,0.8473615672581448
134.40399999999897,0.7720684088255693
134.503999999999,1.1081071873173451
134.60399999999896,1.0789310682247786
134.70399999999898,0.31673676815820384
134.80399999999895,0.875321154716936
134.90399999999897,0.6577252068358577
135.00399999999894,0.46697775152129295
135.10399999999896,0.787909077512101
135.20399999999893,1.0075170131187494
135.30399999999895,0.160600924044062
135.40399999999892,0.6899858127260414
135.50399999999894,0.6062555889991208
135.6039999999989,0.3784925504169795
135.70399999999893,1.0189760891678403
135.8039999999989,0.12535482513755425
135.90399999999892,0.9014786203735465
136.00399999999888,0.5618037996844626
136.1039999999989,0.46654221898856063
136.20399999999887,0.7847151413681535
136.3039999999989,0.865212665732555
136.40399999999886,1.4319355634085842
136.50399999999888,1.4655005260529437
136.60399999999885,0.9967493459760681
136.70399999999887,1.3741167923086595
136.80399999999884,1.0016019425916491
136.90399999999886,0.4171375865737817
137.00399999999883,1.2584527726845496
137.10399999999885,1.1425652423950996
137.2039999999988,1.2183768474105363
137.30399999999884,1.1910710871529218
137.4039999999988,0.6452997408377734
137.50399999999883,0.8134161812953135
137.6039999999988,1.1009950522555618
137.7039999999988,0.8273472675357136
137.80399999999878,0.8305811566379255
137.9039999999988,0.4991559973779092
138.00399999999877,0.6478839505726843
138.1039999999988,0.5458661510150287
138.20399999999876,0.689011548740399
138.30399999999878,0.3602186710671454
138.40399999999875,0.6420216012330168
138.50399999999877,1.2470732964573754
138.60399999999873,0.7445038219926601
138.70399999999876,1.0460887068818538
138.80399999999872,1.3120272157716066
138.90399999999875,0.40714157076404894
139.0039999999987,1.2736116099642603
139.10399999999873,1.0191050814091407
139.2039999999987,1.094526677746108
139.30399999999872,1.235012796943324
139.4039999999987,1.169048140363508
139.5039999999987,1.2470645446963136
139.60399999999868,0.8824659745182937
139.7039999999987,0.6757503549829812
139.80399999999867,nan
139.9039999999987,1.1099391528653022
140.00399999999865,0.5496392281427248
140.10399999999868,0.6367167620600173
140.20399999999864,0.7107283729625821
140.30399999999867,0.9734064381594281
140.40399999999863,0.44892382015738497
140.50399999999865,0.7346247941673533
140.60399999999862,0.7984578575266466
140.70399999999864,0.7436638908064741
140.8039999999986,0.8911343184735288
140.90399999999863,1.1658644893626404
141.0039999999986,1.2110647827769632
141.10399999999862,1.145916834287979
141.2039999999986,1.143694891547823
141.3039999999986,1.1533181142238018
141.40399999999858,1.2252687867013525
141.5039999999986,1.1908739105091457
141.60399999999856,0.9731654071473941
141.7039999999986,0.8546824625010783
141.80399999999855,1.033078782723408
141.90399999999858,1.3458213706056528
142.00399999999854,1.239332167458151
142.10399999999856,1.1487636785991866
142.20399999999853,0.6823721263484099
142.30399999999855,1.0026632593198403
142.40399999999852,0.9574601829055527
142.50399999999854,0.737273316121933
142.6039999999985,1.211769787027599
142.70399999999853,0.5871321848348586
142.8039999999985,0.9163593584505578
142.90399999999852,1.1744063300590524
143.00399999999848,1.0356822846009541
143.1039999999985,1.2579183893503543
143.20399999999847,0.8515751772321218
143.3039999999985,0.9962839376676665
143.40399999999846,0.9183655410037747
143.50399999999848,1.1662201658767362
143.60399999999845,1.1641116760540848
143.70399999999847,1.221106822171351
143.80399999999844,1.4063899712858274
143.90399999999846,1.0901349089088577
144.00399999999843,0.7621350125058706
144.10399999999845,1.0075002283695045
144.20399999999842,0.7221936737781312
144.30399999999844,0.9567304967536752
144.4039999999984,0.7629780313170296
144.50399999999843,1.147463018005268
144.6039999999984,1.3487912804260715
144.70399999999842,0.7364951649230563
144.80399999999838,0.4896588914790605
144.9039999999984,0.8961410015036451
145.00399999999837,1.0958643395705927
145.1039999999984,1.2930684838664248
145.20399999999836,1.0933189146084152
145.30399999999838,1.0753436212609144
145.40399999999835,1.2094961836649076
145.50399999999837,1.2796634979200374
145.60399999999834,1.3596090405895804
145.70399999999836,1.3364362487917927
145.80399999999833,1.3633831815897985
145.90399999999835,1.411648381058157
146.0039999999983,0.524296214737594
146.10399999999834,0.6749357467023647
146.2039999999983,1.0687327973275627
146.30399999999833,1.062875288971488
146.4039999999983,0.4924751383642978
146.5039999999983,nan
146.60399999999828,nan
146.7039999999983,0.23505734280648757
146.80399999999827,0.5817807947292227
146.9039999999983,0.7574382540542896
147.00399999999826,0.5620718682448234
147.10399999999828,0.5791758127462235
147.20399999999825,0.7017249560218985
147.30399999999827,0.8584170917293031
147.40399999999823,1.307106438694552
147.50399999999826,0.9233509520559876
147.60399999999822,0.6591292434765544
147.70399999999825,1.006333896291228
147.8039999999982,0.9548751422179335
147.90399999999823,0.7166865583870694
148.0039999999982,1.0038231032909026
148.10399999999822,1.1312709558901848
148.2039999999982,0.638558559905129
148.3039999999982,0.3651718662991819
148.40399999999818,0.9610072068258187
148.5039999999982,0.8977248717794719
148.60399999999817,0.7625536500894923
148.7039999999982,0.9818747505656079
148.80399999999815,1.0389178479122543
148.90399999999818,0.9401279564458794
149.00399999999814,0.8504044266819458
149.10399999999817,0.6839353144087981
149.20399999999813,1.3151702067548463
149.30399999999815,1.0962536683654047
149.40399999999812,0.2638485219351929
149.50399999999814,0.3614441710362122
149.6039999999981,0.9341106164012919
149.70399999999813,1.2484990135290142
149.8039999999981,1.219875727131657
149.90399999999812,1.2945189599053273
150.0039999999981,0.6715072443095919
150.1039999999981,1.1170145263015332
150.20399999999808,1.2917100674762185
150.3039999999981,1.1972253591477156
150.40399999999806,0.7100718053564796
150.5039999999981,1.1163071590416478
150.60399999999805,1.0795015047021719
150.70399999999808,0.30746169999366657
150.80399999999804,1.0714505964555932
150.90399999999806,1.3060014151918096
151.00399999999803,1.1486412071143628
151.10399999999805,0.7701911493245459
151.20399999999802,0.7874944765249089
151.30399999999804,1.0104401988368497
151.403999999998,1.1049888060242277
151.50399999999803,1.058512525276536
151.603999999998,1.103801074401233
151.70399999999802,0.8021851265933486
151.80399999999798,1.4583950903407656
151.903999999998,1.034806795005139
152.00399999999797,1.391541635431477
152.103999999998,1.0916842933969002
152.20399999999796,1.3933949149502112
152.30399999999798,1.1002719359274513
152.40399999999795,1.3343843356247653
152.50399999999797,0.6863137892401172
152.60399999999794,0.19072536865303366
152.70399999999796,0.1539068702681173
152.80399999999793,0.264201477865626
152.90399999999795,1.1800782629481483
153.00399999999792,0.9595333006107962
153.10399999999794,1.1738697521886934
153.2039999999979,0.8020822571959846
153.30399999999793,0.5414675452631323
153.4039999999979,0.6107107359695554
153.50399999999792,1.2186720272812248
153.60399999999788,0.16811766585777554
153.7039999999979,0.7198462808838623
153.80399999999787,1.2864905734847993
153.9039999999979,0.8474614878158218
154.00399999999786,0.9625694432505058
154.10399999999788,1.2371994750570647
154.20399999999785,1.2248003206553133
154.30399999999787,1.2904924225918886
154.40399999999784,1.0598896430966505
154.50399999999786,1.1320541546805345
154.60399999999782,1.3480372053323302
154.70399999999785,1.265524132388005
154.8039999999978,0.7200296966837834
154.90399999999784,0.5899848570858739
155.0039999999978,0.9351350274725325
155.10399999999782,0.7482728868779855
155.2039999999978,1.4358396822660646
155.3039999999978,0.6995717254618095
155.40399999999778,0.7916652571796026
155.5039999999978,1.1308883797784357
155.60399999999777,0.9809957423682296
155.7039999999978,0.30139540608880355
155.80399999999776,1.162746389570856
155.90399999999778,1.1066689095783242
156.00399999999775,0.6324962259249322
156.10399999999777,1.3141291889075402
156.20399999999773,1.2306308055724855
156.30399999999776,1.2643996523183227
156.40399999999772,0.9866452784623803
156.50399999999775,1.193212651040167
156.6039999999977,1.1816117179810757
156.70399999999773,1.3930250934090627
156.8039999999977,0.955784572908192
156.90399999999772,0.973944599268664
157.0039999999977,nan
157.1039999999977,nan
157.20399999999768,0.8545478787821256
157.3039999999977,1.4068272106626576
157.40399999999767,1.1685973682290558
157.5039999999977,1.1841475335038345
157.60399999999765,1.342444438820328
157.70399999999768,0.64750416342484
157.80399999999764,0.6811398057489614
157.90399999999767,0.7065012997323435
158.00399999999763,1.3352558880353274
158.10399999999765,1.2648545898246586
158.20399999999762,0.6854538208431464
158.30399999999764,0.28155492726705106
158.4039999999976,1.2725773096119741
158.50399999999763,0.7778733073198381
158.6039999999976,1.3187130335612962
158.70399999999762,1.3611176970551266
158.8039999999976,1.0985620705881927
158.9039999999976,1.358283088382999
159.00399999999757,0.8546381181736502
159.1039999999976,1.13821120521846
159.20399999999756,0.9332702820073066
159.3039999999976,1.2958833167180126
159.40399999999755,1.0756127129218211
159.50399999999757,1.0559110215165946
159.60399999999754,nan
159.70399999999756,0.8953223632880998
159.80399999999753,1.36179742109062
159.90399999999755,0.7214998327158583
160.00399999999752,1.341316398906064
160.10399999999754,1.2460272664137084
160.2039999999975,1.1867250267816025
160.30399999999753,0.9315194895498449
160.4039999999975,0.9320419457027407
160.50399999999752,0.994169592726188
160.60399999999748,0.8876597903491779
160.7039999999975,1.058261525266371
160.80399999999747,1.08159441222048
160.9039999999975,0.9583709148912647
161.00399999999746,0.8481900139598612
161.10399999999748,0.8786083429571647
161.20399999999745,0.3985813082362739
161.30399999999747,0.6941292781550343
161.40399999999744,1.2719321302809865
161.50399999999746,1.2173799514762857
161.60399999999743,0.8425384914981963
161.70399999999745,0.9651972497900926
161.80399999999742,1.2752275590274433
161.90399999999744,1.3859232271583564
162.0039999999974,1.3658991309099906
162.10399999999743,0.8891859337972551
162.2039999999974,1.2528187001761812
162.30399999999742,0.9363853073308387
162.40399999999738,0.7365264305128894
162.5039999999974,1.0671290735955425
162.60399999999737,0.8943105509329815
162.7039999999974,1.006543034993842
162.80399999999736,0.5743464977283103
162.90399999999738,1.0316118178620783
163.00399999999735,0.9364228347625151
163.10399999999737,1.1528089663062133
163.20399999999734,0.8299331325291365
163.30399999999736,1.1037239259468985
163.40399999999732,0.14517778133901016
163.50399999999735,0.9589411527227677
163.6039999999973,1.0364484979782187
163.70399999999734,0.7723127230464969
163.8039999999973,1.328704407514661
163.90399999999732,0.48174103382344075
164.0039999999973,1.1706837437675979
164.1039999999973,1.2029091414168651
164.20399999999728,0.934491100023332
164.3039999999973,0.8525358584018519
164.40399999999727,1.2371944341462127
164.5039999999973,1.3175542988616398
164.60399999999726,1.2269463544419759
164.70399999999728,1.2984357512251814
164.80399999999725,1.1026619891103722
164.90399999999727,1.2832812678294767
165.00399999999723,0.9005887947878537
165.10399999999726,1.280514131315833
165.20399999999722,1.3896025128104583
165.30399999999725,1.27978289615353
165.4039999999972,0.8640992574734578
165.50399999999723,1.1053637453670893
165.6039999999972,0.42872660436021975
165.70399999999722,1.0581392332663946
165.8039999999972,0.7392860895636929
165.9039999999972,0.880794620228686
166.00399999999718,1.411021996912312
166.1039999999972,0.578847293763582
166.20399999999717,0.6416205865753879
166.3039999999972,0.44929235005675
166.40399999999715,0.7671718825301165
166.50399999999718,0.6092159857279011
166.60399999999714,0.43164616492149704
166.70399999999717,0.8746766596019787
166.80399999999713,0.7849931051875833
166.90399999999715,0.654014175600003
167.00399999999712,1.0975360092234445
167.10399999999714,0.5021781553568034
167.2039999999971,0.6377891578472372
167.30399999999713,1.168045492324409
167.4039999999971,1.0514135118929417
167.50399999999712,0.86081002564797
167.6039999999971,1.166096647955042
167.7039999999971,1.1006452130665192
167.80399999999707,1.3902648595476357
167.9039999999971,1.3074624944887994
168.00399999999706,0.45948336875015067
168.1039999999971,0.31357587058772024
168.20399999999705,0.5175139547510831
168.30399999999707,0.9647181117734824
168.40399999999704,1.354806115878804
168.50399999999706,0.3894462020676569
168.60399999999703,0.41612169815773753
168.70399999999705,1.131860048208293
168.80399999999702,1.4465797986567217
168.90399999999704,1.0203636642928078
169.003999999997,1.3316035135786144
169.10399999999703,1.0835874305748798
169.203999999997,1.3315038948589786
169.30399999999702,1.2478941501918683
169.40399999999698,1.0487578052322635
169.503999999997,1.0656073522890088
169.60399999999697,1.3696802824203396
169.703999999997,1.0129985256282075
169.80399999999696,0.5037295790614988
169.90399999999698,0.3573448409530424
170.00399999999695,0.27461071148010224
170.10399999999697,0.33224336455702297
170.20399999999694,1.3063640151227591
170.30399999999696,1.377485297630698
170.40399999999693,1.1304832891250631
170.50399999999695,1.401615147523733
170.60399999999692,1.2813130938609405
170.70399999999694,1.086141748521306
170.8039999999969,1.2783885036291363
170.90399999999693,0.7274218927961843
171.0039999999969,0.6893340205956108
171.10399999999692,0.6255645694471206
171.20399999999688,1.362030788750826
171.3039999999969,1.3159818495498268
171.40399999999687,0.9021481056966391
171.5039999999969,1.0508871758226703
171.60399999999686,1.3000205670370744
171.70399999999688,1.3318422619290389
171.80399999999685,1.0019837295713185
171.90399999999687,1.011640683181259
172.00399999999684,1.2413811058387576
172.10399999999686,0.9093041167761832
172.20399999999682,1.3242810430607972
172.30399999999685,1.2728928042323526
172.4039999999968,1.1730283848811571
172.50399999999684,1.3726246076955084
172.6039999999968,1.3180907099262766
172.70399999999682,0.8940378668707115
172.8039999999968,0.699318462674248
172.9039999999968,1.1830893571092669
173.00399999999678,1.3874096669270306
173.1039999999968,0.8702640157416447
173.20399999999677,0.2562104766585098
173.3039999999968,0.4881177845606977
173.40399999999676,nan
173.50399999999678,0.70132883652103
173.60399999999674,0.5509299289351417
173.70399999999677,0.6912964014939784
173.80399999999673,0.7101783763506282
173.90399999999676,0.8357287484419744
174.00399999999672,1.229146016947201
174.10399999999674,nan
174.2039999999967,0.39032782308106323
174.30399999999673,0.8359708130884668
174.4039999999967,0.6331752736815763
174.50399999999672,0.1166287421591813
174.6039999999967,nan
174.7039999999967,nan
174.80399999999668,0.2549076919446105
174.9039999999967,1.101722266136019
175.00399999999667,1.1564902583231986
175.1039999999967,1.2560016646096763
175.20399999999665,0.8684327453251489
175.30399999999668,1.2973169633864405
175.40399999999664,1.0934042561142387
175.50399999999667,1.0208862354846808
175.60399999999663,1.3584931347071643
175.70399999999665,0.5583847397680031
175.80399999999662,1.235634545914727
175.90399999999664,1.2089432358195968
176.0039999999966,0.990453754598034
176.10399999999663,1.3173130520239498
176.2039999999966,1.4399293804154703
176.30399999999662,1.2624349122501641
176.40399999999659,1.2552488885594026
176.5039999999966,1.049926814760276
176.60399999999657,1.3083397889163677
176.7039999999966,1.4538862813291866
176.80399999999656,1.2898551815252788
176.90399999999659,1.3584115568902886
177.00399999999655,1.4615578825774345
177.10399999999657,1.2952009475654227
177.20399999999654,1.1389061264596012
177.30399999999656,1.0898006225685037
177.40399999999653,1.331233193335283
177.50399999999655,1.1999734699857594
177.60399999999652,1.315741955162293
177.70399999999654,1.2279810958035369
177.8039999999965,1.339521521121927
177.90399999999653,1.0288202558653938
178.0039999999965,1.2804594319535392
178.10399999999652,1.453862193341181
178.20399999999648,1.4062895098093025
178.3039999999965,1.3457326969763757
178.40399999999647,1.352887033291259
178.5039999999965,1.3425378856915318
178.60399999999646,1.213064773467854
178.70399999999648,1.3602916345278533
178.80399999999645,1.3985055485456626
178.90399999999647,0.6368936114295671
179.00399999999644,1.0608157731975862
179.10399999999646,0.406352222535222
179.20399999999643,0.8154105915140647
179.30399999999645,0.4514751640607577
179.40399999999642,0.5316863979683788
179.50399999999644,0.3142521203158089
179.6039999999964,0.3010924282340194
179.70399999999643,0.309588083687958
179.8039999999964,0.6168413570255148
179.90399999999642,0.35601395058085233
180.00399999999638,0.47522018694132506
180.1039999999964,1.0295574444995252
180.20399999999637,1.2074564117814455
180.3039999999964,0.9953418646201582
180.40399999999636,0.8366005415088291
180.50399999999638,1.2074371419352141
180.60399999999635,0.5125819577563226
180.70399999999637,0.32611876948583746
180.80399999999634,0.7918412766782815
180.90399999999636,1.3432539766820042
181.00399999999632,1.12737637541251
181.10399999999635,0.2573016572675612
181.2039999999963,0.7159106571610141
181.30399999999634,0.6003926852276906
181.4039999999963,0.2808866355143788
181.50399999999632,0.19134251405487326
181.6039999999963,0.18641762809316567
181.7039999999963,0.3465349102616083
181.80399999999628,0.2991422547506729
181.9039999999963,1.111699056060409
182.00399999999627,1.1661402561092584
182.1039999999963,1.1206005340455516
182.20399999999626,0.4622979467536811
182.30399999999628,0.5217593771823549
182.40399999999624,0.5084606551174786
182.50399999999627,0.3933814746726694
182.60399999999623,0.4045329814680823
182.70399999999626,0.4795749357772016
182.80399999999622,0.3976899373534512
182.90399999999624,0.3243989855079088
183.0039999999962,0.28934179304874474
183.10399999999623,0.6740262095415375
183.2039999999962,1.3044774684044425
183.30399999999622,0.58386886029872
183.4039999999962,0.39059720271855536
183.5039999999962,0.4239029414255683
183.60399999999618,1.224922129271539
183.7039999999962,1.3163463469767844
183.80399999999617,1.2215533375451995
183.9039999999962,1.4001505558797285
184.00399999999615,1.0721874460265035
184.10399999999618,0.3395032168840169
184.20399999999614,1.234880523267251
184.30399999999617,1.3937740178720404
184.40399999999613,1.3237758610904444
184.50399999999615,1.3675853767242063
184.60399999999612,1.240370983529424
184.70399999999614,1.0250318245435228
184.8039999999961,1.4139305342958972
184.90399999999613,1.3476136425189875
185.0039999999961,1.3757993299047853
185.10399999999612,1.2891068231976348
185.20399999999609,1.2344595228572315
185.3039999999961,1.314060646758493
185.40399999999607,1.13724348681524
185.5039999999961,1.1231015347184627
185.60399999999606,1.429779039791059
185.70399999999609,0.7442226610255055
185.80399999999605,1.356729290730855
185.90399999999607,1.1812506242441896
186.00399999999604,0.8317189588505908
186.10399999999606,1.1217155226334792
186.20399999999603,1.1505994992569282
186.30399999999605,1.2988807989189042
186.40399999999602,1.3350892588668808
186.50399999999604,1.2568904501787095
186.603999999996,1.2502281995412434
186.70399999999603,1.4128821506692673
186.803999999996,1.441486099439972
186.90399999999602,1.4270735919440445
187.00399999999598,1.2784840996038382
187.103999999996,1.2658969054164149
187.20399999999597,0.5820345111054425
187.303999999996,0.7738166671353612
187.40399999999596,0.788994259418943
187.50399999999598,0.6580121593477847
187.60399999999595,0.8368169863031317
187.70399999999597,0.8872665236506259
187.80399999999594,1.290511288682687
187.90399999999596,0.5743034793510893
188.00399999999593,0.5744074697139283
188.10399999999595,0.6576710473715731
188.20399999999592,0.5079537368024831
188.30399999999594,0.9783100917424243
188.4039999999959,0.6813735989099087
188.50399999999593,0.8933605584966874
188.6039999999959,1.1970402174862707
188.70399999999592,0.9826709586328439
188.80399999999588,1.275249754533405
188.9039999999959,0.828384551200976
189.00399999999587,1.0029095185014254
189.1039999999959,1.106437614384733
189.20399999999586,1.1386920175253237
189.30399999999588,1.1242684498818083
189.40399999999585,1.2841735876513978
189.50399999999587,1.2287765403580688
189.60399999999584,1.4189494577268482
189.70399999999586,1.2576367124924073
189.80399999999582,1.0415761898053475
189.90399999999585,1.151576615417215
190.0039999999958,1.4045327471325777
190.10399999999584,1.4191872869887494
190.2039999999958,1.3659440870174917
190.30399999999582,1.1135825187274893
190.4039999999958,1.3510700661379262
190.5039999999958,1.3837330447139733
190.60399999999578,1.350418247698335
190.7039999999958,1.3373284362542674
190.80399999999577,1.4101094140173864
190.9039999999958,1.3877654288696986
191.00399999999576,1.043234371690437
191.10399999999578,1.1710459450683965
191.20399999999574,1.1149375496169807
191.30399999999577,0.9196609205123933
191.40399999999573,1.2851532013266513
191.50399999999576,1.0145694831862373
191.60399999999572,0.43775106828145
191.70399999999574,nan
191.8039999999957,0.6545142512585568
191.90399999999573,1.0623809357996312
192.0039999999957,1.3655625277243084
192.10399999999572,1.3635274420972552
192.2039999999957,1.261286473391244
192.3039999999957,1.1963626233405105
192.40399999999568,0.9703050760674957
192.5039999999957,1.0978912087978727
192.60399999999566,1.1577717653120794
192.7039999999957,0.9901477114524302
192.80399999999565,1.0750539351301056
192.90399999999568,1.0002545286555984
193.00399999999564,1.064436859868101
193.10399999999566,0.8484442142105433
193.20399999999563,0.6652593276389928
193.30399999999565,0.8848846848254983
193.40399999999562,1.346790606821726
193.50399999999564,1.1771175437958574
193.6039999999956,0.4649825311469017
193.70399999999563,0.8080644376851117
193.8039999999956,0.8459600224989767
193.90399999999562,0.7198266204685121
194.00399999999559,0.9746637360601129
194.1039999999956,0.6536124450374927
194.20399999999557,0.6965600703599046
194.3039999999956,0.899662362586671
194.40399999999556,0.9640722972668512
194.50399999999559,0.7955984888425438
194.60399999999555,1.2917075605378519
194.70399999999557,1.401973635191871
194.80399999999554,1.4137322877624372
194.90399999999556,1.3192110629340246
195.00399999999553,1.4032809534018424
195.10399999999555,1.1867898067289486
195.20399999999552,1.3034182489556587
195.30399999999554,1.0474983024335207
195.4039999999955,1.3601642253613182
195.50399999999553,1.2879546965977944
195.6039999999955,0.9806588636529159
195.70399999999552,0.7164786845464189
195.80399999999548,1.0966378281287286
195.9039999999955,0.8290440571374841
196.00399999999547,1.407966651564019
196.1039999999955,1.4587947093091334
196.20399999999546,1.3858065694306159
196.30399999999548,1.3828597818700439
196.40399999999545,1.3578020402770743
196.50399999999547,1.2063371582600555
196.60399999999544,1.2319207635315512
196.70399999999546,1.094173016641121
196.80399999999543,1.316036803999191
196.90399999999545,1.25810563046247
197.00399999999541,1.3069837554224322
197.10399999999544,0.9842992160318196
197.2039999999954,0.7934891448893272
197.30399999999543,0.5216488000426726
197.4039999999954,0.7313157410435481
197.50399999999541,0.9524528420357009
197.60399999999538,0.8117758172997668
197.7039999999954,1.2322649654841185
197.80399999999537,1.062391434729859
197.9039999999954,1.3326150411841022
198.00399999999536,0.8466616515132707
198.10399999999538,0.8936107674439301
198.20399999999535,1.201655909806695
198.30399999999537,1.2659330966454998
198.40399999999534,1.169031622987155
198.50399999999536,1.419960083681091
198.60399999999532,1.0081592661230254
198.70399999999535,1.0841845110388948
198.8039999999953,1.2047195963602673
198.90399999999534,0.9567723656836502
199.0039999999953,1.3954130858773868
199.10399999999532,0.8466310532888771
199.2039999999953,0.7203396148436632
199.3039999999953,0.6768636799111246
199.40399999999528,1.2203137493533984
199.5039999999953,1.0820526105539052
199.60399999999527,0.7341139402743788
199.7039999999953,0.7894418004072264
199.80399999999526,1.3523010127980777
199.90399999999528,1.2748612773887182
200.00399999999524,0.7787761398267118
200.10399999999527,0.4997342441586025
200.20399999999523,0.81988279967801
200.30399999999526,1.0306208114784636
200.40399999999522,1.278763716667659
200.50399999999524,1.2029474270649967
200.6039999999952,1.3366079144200678
200.70399999999523,0.838449841718487
200.8039999999952,0.8871363423613845
200.90399999999522,0.9845501903209121
201.0039999999952,0.737123804294842
201.1039999999952,0.8925081946109972
201.20399999999518,0.8947438844767385
201.3039999999952,0.9817499067796946
201.40399999999516,0.888469155120235
201.5039999999952,0.5794768260309249
201.60399999999515,0.5075909372905136
201.70399999999518,0.583199855740845
201.80399999999514,0.7295445455149308
201.90399999999516,0.6352080614878152
202.00399999999513,1.161159514093403
202.10399999999515,0.6318189160800772
202.20399999999512,0.3192941174543726
202.30399999999514,0.560615587111245
202.4039999999951,0.5885854151078506
202.50399999999513,1.0729395508358097
202.6039999999951,1.3793689404197589
202.70399999999512,1.2537527901884935
202.80399999999509,1.2323229719561761
202.9039999999951,1.2370625876453556
203.00399999999507,0.9263516148833618
203.1039999999951,0.8456107625812745
203.20399999999506,0.9183782087010115
203.30399999999509,0.6988168105136018
203.40399999999505,0.8628621046727739
203.50399999999507,0.8328209329670946
203.60399999999504,1.1843695261275107
203.70399999999506,1.4317099880778712
203.80399999999503,1.0784857782001815
203.90399999999505,0.7246423743685924
204.00399999999502,1.2944365932031776
204.10399999999504,0.9396698590537815
204.203999999995,1.0657984458504077
204.30399999999503,0.6834518525417002
204.403999999995,0.7731669821787175
204.50399999999502,0.5505202926374574
204.60399999999498,0.5840723897063095
204.703999999995,0.8485260567018795
204.80399999999497,0.9560638570089592
204.903999999995,0.9245154662731302
205.00399999999496,1.0060953893782634
205.10399999999498,0.9230941226263663
205.20399999999495,1.1165151410192486
205.30399999999497,1.0459005484682438
205.40399999999494,0.7445167093482653
205.50399999999496,0.11903492898585401
205.60399999999493,0.3611045590552762
205.70399999999495,0.7982048674934777
205.80399999999491,1.045617616500475
205.90399999999494,1.1766076857798327
206.0039999999949,1.0895734518121092
206.10399999999493,1.2545490066068214
206.2039999999949,1.4340766339277287
206.30399999999491,1.2652711641087928
206.40399999999488,1.1052462310334255
206.5039999999949,1.272325932199169
206.60399999999487,1.4123819109125806
206.7039999999949,1.367945242282252
206.80399999999486,1.1092643596377816
206.90399999999488,1.3566520270999234
207.00399999999485,1.2764510273091398
207.10399999999487,0.7538171744295352
207.20399999999483,0.6971645087768622
207.30399999999486,0.9648296211603499
207.40399999999482,0.7229269981339718
207.50399999999485,0.7630244017660461
207.6039999999948,0.7142297247928423
207.70399999999483,0.9783927163746983
207.8039999999948,0.6219865789155075
207.90399999999482,0.5748900059012011
208.0039999999948,1.2913840318086414
208.1039999999948,1.2851264172896872
208.20399999999478,1.2379678768354183
208.3039999999948,0.9678474145225441
208.40399999999477,0.9694409391899351
208.5039999999948,0.6423297600549934
208.60399999999476,0.7011858571543941
208.70399999999478,1.297967081069057
208.80399999999474,1.2413182086295922
208.90399999999477,0.9899172991973371
209.00399999999473,1.0317621303604494
209.10399999999476,1.312085443717169
209.20399999999472,1.3659468967250832
209.30399999999474,1.4017931194482083
209.4039999999947,1.321580786967659
209.50399999999473,0.7774186438457118
209.729,1.1975648113364836
209.829,1.0574656372570148
209.929,0.9178385666855311
210.029,1.399254539661503
210.129,1.4496040008406743
210.22899999999998,1.1844771654167077
210.32899999999998,0.7409431994431246
210.42899999999997,0.9276120526794863
210.52899999999997,1.3575709494231654
210.62899999999996,1.2222348253989854
210.72899999999996,0.9789505565224068
210.82899999999995,1.3889604013067178
210.92899999999995,1.0010711018946317
211.02899999999994,1.20204669352482
211.12899999999993,0.8030506209529784
211.22899999999993,0.8178531027301237
211.32899999999992,1.350402172461587
211.42899999999992,1.3197065414898292
211.5289999999999,1.2763167522258232
211.6289999999999,1.2402347362736372
211.7289999999999,0.9633294426213665
211.8289999999999,0.9269094619798536
211.9289999999999,1.0184490050200552
212.02899999999988,1.4126968313075694
212.12899999999988,1.2372576379273876
212.22899999999987,1.106244650755477
212.32899999999987,1.0851026163720479
212.42899999999986,1.1586491584603957
212.52899999999985,0.8030156725848963
212.62899999999985,1.3977642217372592
212.72899999999984,1.0236106236318159
212.82899999999984,1.0461064775604165
212.92899999999983,1.1404225884538162
213.02899999999983,1.2991800282953874
213.12899999999982,1.1924265734585509
213.22899999999981,1.168998587534301
213.3289999999998,1.1690189013705
213.4289999999998,1.0243616305825527
213.5289999999998,1.3239778845404309
213.6289999999998,1.3882322928556197
213.7289999999998,1.3653432036298987
213.82899999999978,1.3610685281114403
213.92899999999977,1.4219322007128914
214.02899999999977,1.3334607675512173
214.12899999999976,1.4207715447568092
214.22899999999976,1.2927626445605773
214.32899999999975,1.3249875397467674
214.42899999999975,1.2515078287622972
214.52899999999974,1.4523599476952842
214.62899999999973,1.3417922737139727
214.72899999999973,1.3383803539230108
214.82899999999972,1.4425777130912678
214.92899999999972,1.2883332677187835
215.0289999999997,1.2914063211172597
215.1289999999997,1.2237950349658353
215.2289999999997,1.321528422677995
215.3289999999997,1.320038029203094
215.4289999999997,1.3660216152659113
215.52899999999968,1.3990426405464624
215.62899999999968,1.313710670122714
215.72899999999967,1.2638014501458381
215.82899999999967,1.0836071319532263
215.92899999999966,0.7100772102926883
216.02899999999966,0.5872486082748318
216.12899999999965,0.9300740328450418
216.22899999999964,1.2187129668919596
216.32899999999964,1.3722137036951403
216.42899999999963,1.1832036001927082
216.52899999999963,1.1851581141745287
216.62899999999962,1.2935916844475874
216.72899999999962,1.2508174556571858
216.8289999999996,1.357429236645153
216.9289999999996,1.305789538251533
217.0289999999996,1.194174082413273
217.1289999999996,0.9984362090991293
217.2289999999996,1.3178556587939116
217.32899999999958,1.1420245210498543
217.42899999999958,1.2147565291751667
217.52899999999957,1.2764497118764873
217.62899999999956,1.1560565835694412
217.72899999999956,1.314552318731521
217.82899999999955,1.1956075072311616
217.92899999999955,1.3633808944100572
218.02899999999954,1.3693893641048056
218.12899999999954,1.3608721870945348
218.22899999999953,1.0358513424657805
218.32899999999952,0.9628437698235441
218.42899999999952,0.8737020246965257
218.5289999999995,1.0174231344839841
218.6289999999995,1.399920886967744
218.7289999999995,1.4577001833069985
218.8289999999995,0.9822626178475803
218.9289999999995,0.5996061133104471
219.02899999999948,1.122397041970015
219.12899999999948,1.2407288876344542
219.22899999999947,0.980151064762584
219.32899999999947,0.9647612501551484
219.42899999999946,1.1418374663714903
219.52899999999946,1.3538744209216569
219.62899999999945,1.3929786005147258
219.72899999999944,1.248360771165331
219.82899999999944,1.1769966979667446
219.92899999999943,1.2398117812750893
220.02899999999943,1.3496090970791688
220.12899999999942,1.310481264832323
220.22899999999942,0.7510639596850597
220.3289999999994,0.7263092812374345
220.4289999999994,1.3310494813157971
220.5289999999994,1.3461645136908744
220.6289999999994,1.2971317764418935
220.7289999999994,1.3209125100971948
220.82899999999938,1.1768572920878584
220.92899999999938,1.4130275537450678
221.02899999999937,1.165341062894055
221.12899999999937,0.692531257775751
221.22899999999936,1.0915505831689591
221.32899999999935,1.2272337072320592
221.42899999999935,1.1069338533329875
221.52899999999934,0.4834220713106804
221.62899999999934,0.8548086067243155
221.72899999999933,0.7556330577529956
221.82899999999933,0.7248025690692262
221.92899999999932,1.023246517299301
222.02899999999931,0.49989261693464654
222.1289999999993,0.9652438458531977
222.2289999999993,1.0814404903081998
222.3289999999993,1.3131410513115536
222.4289999999993,1.3758427421165715
222.5289999999993,1.4237074239686227
222.62899999999928,1.3527969610132078
222.72899999999927,1.294686734581097
222.82899999999927,1.0268547910218158
222.92899999999926,1.2527870125449987
223.02899999999926,1.1827713038377468
223.12899999999925,1.2402461471929465
223.22899999999925,1.0623524865639766
223.32899999999924,1.262372874023985
223.42899999999923,1.2503807192122802
223.52899999999923,1.0480350377462793
223.62899999999922,1.1765091128871836
223.72899999999922,1.231464956801911
223.8289999999992,1.0856193239346947
223.9289999999992,1.2439810636338422
224.0289999999992,1.3496958276853928
224.1289999999992,1.365164521117444
224.2289999999992,1.4006430048762308
224.32899999999918,1.2577053734649177
224.42899999999918,1.1895944902889446
224.52899999999917,1.0027406479100702
224.62899999999917,0.8494039181658939
224.72899999999916,0.9936540936466288
224.82899999999916,0.9539918744533803
224.92899999999915,1.261735689435053
225.02899999999914,1.394407978007316
225.12899999999914,1.3094118806018455
225.22899999999913,1.2210475953121536
225.32899999999913,1.1942011990428012
225.42899999999912,1.1965165964742537
225.52899999999912,1.270863433150805
225.6289999999991,1.1481480567654823
225.7289999999991,1.0420222897674807
225.8289999999991,1.1443341851999949
225.9289999999991,1.3391525844311478
226.0289999999991,1.3177618268321012
226.12899999999908,1.4204118908051149
226.22899999999908,1.2164102404466364
226.32899999999907,1.336462004528745
226.42899999999906,1.1479325372453832
226.52899999999906,1.2647253423816256
226.62899999999905,0.9461645765571653
226.72899999999905,1.1992575308209743
226.82899999999904,0.40498959437702625
226.92899999999904,0.6092978769528831
227.02899999999903,1.140497569925085
227.12899999999902,0.7249423795136221
227.22899999999902,0.2988727094696894
227.328999999999,0.5530438266321583
227.428999999999,1.107363263440443
227.528999999999,0.8846021806425218
227.628999999999,0.7815316319565051
227.728999999999,0.22247061452309522
227.82899999999898,0.9311397237258178
227.92899999999898,0.7267625835665192
228.02899999999897,0.42492704053691865
228.12899999999897,0.9655667258370653
228.22899999999896,0.7125774801002687
228.32899999999896,0.32427991598581896
228.42899999999895,0.8794301294518297
228.52899999999894,0.7995158212716907
228.62899999999894,1.0829674289208844
228.72899999999893,0.48132284722375623
228.82899999999893,0.7729877964040547
228.92899999999892,0.967453891947663
229.02899999999892,0.7913365927978249
229.1289999999989,0.6112368219610295
229.2289999999989,0.8266105282982689
229.3289999999989,1.1938923343263976
229.4289999999989,0.4402037070633973
229.5289999999989,0.5150636396569632
229.62899999999888,0.5831009300664711
229.72899999999888,0.4424129299082486
229.82899999999887,0.6415826397799247
229.92899999999887,0.974543875757565
230.02899999999886,0.6352363825861623
230.12899999999885,nan
230.22899999999885,1.1149571273115388
230.32899999999884,0.8413782591147659
230.42899999999884,0.5004978105456461
230.52899999999883,0.5642517933892633
230.62899999999883,0.8454082023237135
230.72899999999882,1.0458377067963753
230.8289999999988,1.2299302742248437
230.9289999999988,1.177937154297341
231.0289999999988,1.1684545994413769
231.1289999999988,1.295768826732149
231.2289999999988,1.2728507804912643
231.32899999999879,1.23394400496723
231.42899999999878,1.3262599673912963
231.52899999999877,1.3003366896748416
231.62899999999877,1.195133937539702
231.72899999999876,1.392446749153644
231.82899999999876,0.9409681571337845
231.92899999999875,1.0796698108740983
232.02899999999875,0.3366965830778672
232.12899999999874,0.6367583891747371
232.22899999999873,1.2345919387842643
232.32899999999873,0.9419256497990885
232.42899999999872,0.7943032659189296
232.52899999999872,0.6145062631684309
232.6289999999987,0.6635460604238935
232.7289999999987,1.2133482968765905
232.8289999999987,0.3850853748296859
232.9289999999987,0.49632425562296467
233.0289999999987,0.6796206604368511
233.12899999999868,0.20750181586196725
233.22899999999868,1.1128514157477303
233.32899999999867,1.1104000203209266
233.42899999999867,1.04508870573807
233.52899999999866,0.6838998908570662
233.62899999999865,0.4110197666806166
233.72899999999865,0.38000419150626197
233.82899999999864,0.9307060681692662
233.92899999999864,0.8880888063843912
234.02899999999863,0.9821144989585694
234.12899999999863,1.0130740592292458
234.22899999999862,0.6752027736945198
234.32899999999862,0.7741465726154889
234.4289999999986,1.2575714810962373
234.5289999999986,1.0978390996593035
234.6289999999986,1.0310792121627954
234.7289999999986,0.6699823688026257
234.8289999999986,nan
234.92899999999858,0.7448033953326479
235.02899999999858,0.794326216594889
235.12899999999857,1.1368248358453314
235.22899999999856,1.2551958591455152
235.32899999999856,1.2477350786663484
235.42899999999855,1.2145234019813302
235.52899999999855,1.2547846379318541
235.62899999999854,1.2286235839656414
235.72899999999854,1.1870669764628858
235.82899999999853,1.1690250570087488
235.92899999999852,0.9571088802087776
236.02899999999852,0.3155748103095968
236.1289999999985,1.0105102266981258
236.2289999999985,0.6120164805905428
236.3289999999985,0.46061584647298004
236.4289999999985,1.3347825349645408
236.5289999999985,1.3904419553467886
236.62899999999848,0.9401731160763599
236.72899999999848,0.8408583779436815
236.82899999999847,0.7742517594996908
236.92899999999847,0.526627747849899
237.02899999999846,0.6764485697261061
237.12899999999846,0.8620750268573797
237.22899999999845,0.6045193341857386
237.32899999999844,0.25592758222697476
237.42899999999844,1.2964276767841294
237.52899999999843,0.8309439506343737
237.62899999999843,1.1414596926380847
237.72899999999842,0.973177977724601
237.82899999999842,0.5451670117721733
237.9289999999984,0.4771517400952439
238.0289999999984,0.45880003083600185
238.1289999999984,1.1389639384482282
238.2289999999984,1.3656925947775351
238.3289999999984,1.316650716113382
238.42899999999838,1.1720207507179095
238.52899999999838,1.3848202980153475
238.62899999999837,1.1711356586204176
238.72899999999836,1.2906826507888738
238.82899999999836,1.2876411226914142
238.92899999999835,1.310455273032946
239.02899999999835,1.4295162092048912
239.12899999999834,1.4337518543391452
239.22899999999834,1.3775784570206235
239.32899999999833,1.1982718530192062
239.42899999999833,1.0466189457715867
239.52899999999832,0.8885581091925558
239.6289999999983,0.9298671713497407
239.7289999999983,1.2084378732599006
239.8289999999983,1.243878669957285
239.9289999999983,0.9069788308122924
240.0289999999983,1.0207419587769175
240.12899999999829,1.3667035513579469
240.22899999999828,1.2977371648124294
240.32899999999827,0.9471396092444554
240.42899999999827,1.0350890900754504
240.52899999999826,1.158508580032477
240.62899999999826,1.2932369104153254
240.72899999999825,1.376193302197075
240.82899999999825,1.493848282511148
240.92899999999824,1.3258148832715906
241.02899999999823,1.3248657880675503
241.12899999999823,1.4221229790652603
241.22899999999822,1.4376587992543501
241.32899999999822,1.305934007704907
241.4289999999982,1.4130275537450678
241.5289999999982,1.2921204898200864
241.6289999999982,1.2720576283975806
241.7289999999982,1.3643043391614478
241.8289999999982,1.1155422556470866
241.92899999999818,1.390822466801267
242.02899999999818,1.1968690762412941
242.12899999999817,1.1761300348899735
242.22899999999817,0.8695408806199137
242.32899999999816,0.8333825269290054
242.42899999999815,0.818440794024073
242.52899999999815,0.5520888059324733
242.62899999999814,0.6221859280937782
242.72899999999814,0.6530942332602518
242.82899999999813,0.8123058956824347
242.92899999999813,nan
243.02899999999812,0.3718657310407672
243.12899999999811,0.5213100260250851
243.2289999999981,0.11391946306635116
243.3289999999981,0.5476771083875401
243.4289999999981,0.6628541579357405
243.5289999999981,0.7756927286861262
243.6289999999981,0.7197901306473528
243.72899999999808,0.7227562654243577
243.82899999999808,0.5407081566310673
243.92899999999807,0.7680029698459052
244.02899999999806,0.6439959255120636
244.12899999999806,0.8453030731453122
244.22899999999805,0.46412359280477633
244.32899999999805,0.5839306865200959
244.42899999999804,0.7182921179921662
244.52899999999804,0.786089941178999
244.62899999999803,0.671710109040315
244.72899999999802,0.4795381718396384
244.82899999999802,0.5795198742953609
244.928999999998,0.8580963835885229
245.028999999998,0.5535848514303613
245.128999999998,0.6228927750927482
245.228999999998,0.7603723564972418
245.328999999998,0.5158879815624597
245.42899999999798,0.832671437089341
245.52899999999798,0.7481980314822719
245.62899999999797,0.5584708633048355
245.72899999999797,0.6950316620863316
245.82899999999796,1.0186806165671167
245.92899999999796,0.5217671925590786
246.02899999999795,0.768549194307457
246.12899999999794,0.6682356238779096
246.22899999999794,0.541057838310536
246.32899999999793,0.530356781538538
246.42899999999793,1.111672084718419
246.52899999999792,1.24590800249887
246.62899999999792,1.168210487012372
246.7289999999979,1.1312106302798492
246.8289999999979,0.9741573673928461
246.9289999999979,0.754689350065124
247.0289999999979,0.5849731466187993
247.1289999999979,0.6732469261725965
247.22899999999788,0.9237602764917303
247.32899999999788,1.1737231286730179
247.42899999999787,0.9489864540917353
247.52899999999786,0.6856306938020307
247.62899999999786,0.9469367291004691
247.72899999999785,1.0797353487540158
247.82899999999785,1.0732033223448059
247.92899999999784,1.2736060539869267
248.02899999999784,1.0841767674746092
248.12899999999783,0.8572138525014906
248.22899999999782,0.7987121188668216
248.32899999999782,0.9230978904940345
248.4289999999978,0.8163161318443438
248.5289999999978,0.7880381485176545
248.6289999999978,0.7814470703840952
248.7289999999978,1.028095487645087
248.8289999999978,0.9979265195574262
248.92899999999779,1.0985936214714511
249.02899999999778,1.164726995054081
249.12899999999777,1.2692413609070705
249.22899999999777,1.226513536684243
249.32899999999776,1.3255565918132397
249.42899999999776,0.9336557325475511
249.52899999999775,0.7899864095225311
249.62899999999775,0.43977111236450905
249.72899999999774,0.2823784054525999
249.82899999999773,0.686597527598281
249.92899999999773,0.8480266804997826
250.02899999999772,0.7460728287470503
250.12899999999772,1.2093335490217798
250.2289999999977,1.4074470254977385
250.3289999999977,1.4055671356782007
250.4289999999977,1.1789408507889578
250.5289999999977,1.0919741806948888
250.6289999999977,1.0529579103490307
250.72899999999768,0.7371970184450265
250.82899999999768,0.8462690320177116
250.92899999999767,0.8592552579956876
251.02899999999767,0.41938195295902386
251.12899999999766,1.1939210646263154
251.22899999999765,0.3912696871568885
251.32899999999765,1.1602659299531755
251.42899999999764,0.6234926475922928
251.52899999999764,1.20614198008882
251.62899999999763,0.5121723267548163
251.72899999999763,1.3302364832630547
251.82899999999762,0.925545573313685
251.92899999999761,1.037982347672725
252.0289999999976,1.2584999468963756
252.1289999999976,1.4899424168563729
252.2289999999976,1.442194307769781
252.3289999999976,1.4650467422376185
252.4289999999976,1.4494565365714531
252.52899999999758,0.7002663984925251
252.62899999999757,1.4306456273583452
252.72899999999757,nan
252.82899999999756,nan
252.92899999999756,0.7972137684674008
253.02899999999755,1.0438741812060734
253.12899999999755,0.6888042029954544
253.22899999999754,1.2003129443559226
253.32899999999754,1.057671809310324
253.42899999999753,1.1921748950206863
253.52899999999752,0.7755707269662578
253.62899999999752,1.2677186354044148
253.7289999999975,1.4399543678005113
253.8289999999975,0.758356874756183
253.9289999999975,1.150963540192965
254.0289999999975,1.446202678983173
254.1289999999975,1.412290622665326
254.22899999999748,1.4316089576732516
254.32899999999748,1.3032721202417332
254.42899999999747,1.5437474816585268
254.52899999999747,1.4836279598480355
254.62899999999746,1.483914828782985
254.72899999999746,1.3271982156682873
254.82899999999745,1.0717094746880729
254.92899999999744,1.2441519902308404
255.02899999999744,1.3335647368647854
255.12899999999743,1.3751577504026675
255.22899999999743,1.2701829193304215
255.32899999999742,1.462925419672233
255.42899999999742,1.4674258253893617
255.5289999999974,1.253447500394301
255.6289999999974,0.49842767366011403
255.7289999999974,0.9297045128832997
255.8289999999974,0.959499926993748
255.9289999999974,1.0441997392932512
256.0289999999974,0.7137281347304053
256.1289999999974,1.3873651470458495
256.22899999999737,1.3560152744076823
256.32899999999734,1.2947814051169408
256.42899999999736,1.45044044886576
256.5289999999974,1.4307084165267798
256.62899999999735,1.4259958461981868
256.7289999999973,1.4304402229754816
256.82899999999734,1.3113782151793618
256.92899999999736,1.5338187857793528
257.0289999999973,1.4225698838432224
257.1289999999973,1.3003106795671102
257.2289999999973,1.2418326934443316
257.32899999999734,1.0096965358663228
257.4289999999973,1.0441456398129867
257.52899999999727,1.18684356836838
257.6289999999973,0.6507863844862906
257.7289999999973,0.7870551237017109
257.8289999999973,1.0320230617726256
257.92899999999725,0.9622192580640196
258.02899999999727,0.7806862185656417
258.1289999999973,0.821650766946413
258.22899999999726,1.3518250223362263
258.3289999999972,0.9578643222304171
258.42899999999725,0.9402740157745072
258.52899999999727,1.3081919179616315
258.62899999999723,1.4672393027294948
258.7289999999972,1.438149496282385
258.8289999999972,1.3262785055536253
258.92899999999725,1.3409272057634556
259.0289999999972,1.3487668271868387
259.1289999999972,1.4544771370096183
259.2289999999972,1.4195432802657104
259.3289999999972,1.384557075477597
259.4289999999972,1.3875083835871211
259.52899999999715,1.3264609795869133
259.6289999999972,1.1162375365831407
259.7289999999972,0.856472977491219
259.82899999999717,0.7007290171478097
259.92899999999713,0.6840156243795215
260.02899999999715,0.9910311882813699
260.1289999999972,1.1819878203162344
260.22899999999714,1.169554115600574
260.3289999999971,1.3851801883679917
260.42899999999713,1.488736579769178
260.52899999999715,1.3716971463939704
260.6289999999971,1.4839566137409428
260.7289999999971,1.3529318898857117
260.8289999999971,1.396924199652549
260.92899999999713,1.4030399149696104
261.0289999999971,1.4012361118029981
261.12899999999706,1.5102363021849552
261.2289999999971,1.461883622215656
261.3289999999971,1.2501879082195653
261.4289999999971,1.3431609368022173
261.52899999999704,1.1650046782210297
261.62899999999706,1.3274926882813043
261.7289999999971,1.4670667358931389
261.82899999999705,1.3250421206965513
261.928999999997,1.3276726467446283
262.02899999999704,0.7729522645931466
262.12899999999706,0.6838153579390672
262.22899999999703,1.1326397688637155
262.328999999997,1.4591744103451447
262.428999999997,1.0012773870583578
262.52899999999704,0.6437589909557728
262.628999999997,0.6757572768079947
262.728999999997,0.9230634594072733
262.828999999997,0.4718419762008003
262.928999999997,0.3536526638974001
263.028999999997,0.6214825227597209
263.12899999999695,0.9940811611572566
263.228999999997,1.1983351080065625
263.328999999997,1.3441510969151755
263.42899999999696,0.9277350030576714
263.5289999999969,1.0014061439990625
263.62899999999695,1.2103329105383667
263.728999999997,0.9316643238186936
263.82899999999694,0.7846371899123104
263.9289999999969,1.403670800983261
264.0289999999969,1.3885319604637383
264.12899999999695,1.3973965864626805
264.2289999999969,1.2727109426276595
264.3289999999969,1.4178098766023426
264.4289999999969,0.7645135168480272
264.5289999999969,0.6511454701755313
264.6289999999969,0.7710113600030315
264.72899999999686,0.7665466066904789
264.8289999999969,0.5978080168897603
264.9289999999969,0.626687819904233
265.02899999999687,1.0140138513737942
265.12899999999684,1.0736403027021937
265.22899999999686,0.7908476622503829
265.3289999999969,0.998243033506728
265.42899999999685,0.6023439688924653
265.5289999999968,0.9079687329152714
265.62899999999684,1.2539194196899521
265.72899999999686,0.9626175370291422
265.8289999999968,1.1642444699210843
265.9289999999968,0.5262703012799246
266.0289999999968,0.6188384556626725
266.12899999999684,0.4456076006304975
266.2289999999968,0.7379084440592155
266.32899999999677,0.8298459877192893
266.4289999999968,0.6335428267650149
266.5289999999968,0.8606624650574805
266.6289999999968,1.2530581025692458
266.72899999999674,0.8124629770049528
266.82899999999677,0.6808879658212753
266.9289999999968,0.8856403874668209
267.02899999999676,0.5437424358278647
267.1289999999967,0.7036171572711252
267.22899999999674,1.1595499876136839
267.32899999999677,1.124740827100553
267.42899999999673,1.382807309584172
267.5289999999967,1.398746596661645
267.6289999999967,0.9673495041435641
267.72899999999674,0.9345949230638096
267.8289999999967,1.056069005054303
267.9289999999967,1.2400625927183948
268.0289999999967,1.0698332341718386
268.1289999999967,0.3532329096565893
268.2289999999967,0.8054834114767447
268.32899999999665,0.8264363995112874
268.4289999999967,1.1585226593476368
268.5289999999967,0.9218565203884735
268.62899999999667,1.3352671156681408
268.72899999999663,1.101924075978906
268.82899999999665,0.7757326186216782
268.9289999999967,0.7500391924898031
269.02899999999664,1.1207379483953792
269.1289999999966,1.387701301652982
269.22899999999663,1.2662523304746238
269.32899999999665,1.1462683419658704
269.4289999999966,1.104730126819557
269.5289999999966,1.0575086214359448
269.6289999999966,1.1485538089916933
269.72899999999663,1.2982625486719297
269.8289999999966,0.9175558824323761
269.92899999999656,1.330797973674365
270.0289999999966,1.2657001093411244
270.1289999999966,0.7436271191321054
270.2289999999966,1.117399598549216
270.32899999999654,1.3493788251585686
270.42899999999656,1.2829456114800282
270.5289999999966,0.9290189965833539
270.62899999999655,0.5357163432197268
270.7289999999965,1.1716324407922643
270.82899999999654,0.9705968637162096
270.92899999999656,1.1488322694554212
271.02899999999653,1.179883416868031
271.1289999999965,1.433321824316804
271.2289999999965,1.1475512307980271
271.32899999999654,1.3122708052760044
271.4289999999965,1.4419280010255355
271.5289999999965,1.1187986758087436
271.6289999999965,1.0875445348695636
271.7289999999965,1.2214659523980522
271.8289999999965,1.4771274613750722
271.92899999999645,1.1086242076046817
272.0289999999965,1.203077230271793
272.1289999999965,1.228959535912355
272.22899999999646,1.3932040765668454
272.3289999999964,1.400086910268281
272.42899999999645,0.7091807796802756
272.5289999999965,1.1235706664966298
272.62899999999644,1.4638101556159444
272.7289999999964,0.8435158630125059
272.8289999999964,1.0527217638515558
272.92899999999645,1.3846959253224278
273.0289999999964,1.3103909319598739
273.1289999999964,0.9353309787259746
273.2289999999964,1.0371611847666276
273.3289999999964,0.9644371056533322
273.4289999999964,0.7545027558895404
273.52899999999636,0.714150629333922
273.6289999999964,1.1714383399427328
273.7289999999964,1.0440357093045345
273.82899999999637,1.052550515965213
273.92899999999634,0.8845807586997078
274.02899999999636,0.9645304933180792
274.1289999999964,0.9861078458200395
274.22899999999635,1.0275057336630657
274.3289999999963,0.49829579322041323
274.42899999999634,1.386318301980643
274.52899999999636,1.3949789750060722
274.68,0.5660191844400302
274.78000000000003,0.7188799525234353
274.88000000000005,0.40578809563769935
274.9800000000001,0.8281583719052437
275.0800000000001,1.238586980429696
275.1800000000001,1.340394833422691
275.28000000000014,0.8694559124151469
275.38000000000017,1.2999737001796883
275.4800000000002,0.7640567113522698
275.5800000000002,0.5394603651205049
275.68000000000023,0.5163060470650322
275.78000000000026,0.6671422375446627
275.8800000000003,0.7020882251199806
275.9800000000003,0.6953216748028282
276.0800000000003,0.8099124058806134
276.18000000000035,0.47954592501336646
276.28000000000037,0.8066366917262716
276.3800000000004,0.7696758532909542
276.4800000000004,0.9974186137266479
276.58000000000044,1.161689160819866
276.68000000000046,0.7088184382564524
276.7800000000005,0.15953846639250147
276.8800000000005,0.6032094892659117
276.98000000000053,1.3692748013426408
277.08000000000055,1.3461867868999449
277.1800000000006,0.7276304313828775
277.2800000000006,0.4497784538267271
277.3800000000006,0.7451879932274916
277.48000000000064,1.0565333920516446
277.58000000000067,0.716270917820377
277.6800000000007,0.8607071957270928
277.7800000000007,0.42461391265659476
277.88000000000073,0.42074785416655125
277.98000000000076,0.3551582531959409
278.0800000000008,0.5783916985623596
278.1800000000008,nan
278.2800000000008,0.46628276191835766
278.38000000000085,0.27789590353077964
278.48000000000087,0.7227325355293027
278.5800000000009,0.26041839995046445
278.6800000000009,0.4756301226254554
278.78000000000094,0.9551873387408444
278.88000000000096,1.1032076531382773
278.980000000001,1.1581445289141261
279.080000000001,1.2429016494919418
279.18000000000103,0.9876651090786618
279.28000000000105,0.7416424607196833
279.3800000000011,0.5062352309206958
279.4800000000011,0.9766146234882285
