0.0,0.9531081131414437
0.1,0.7137985074831865
0.2,0.4854036832201159
0.30000000000000004,0.8393307628137332
0.4,1.0031438372457988
0.5,0.9451760459838302
0.6000000000000001,1.2111034763082227
1.11,1.0170829697068227
1.2100000000000002,0.7784494810530723
1.3100000000000003,0.9872099051306358
1.4100000000000004,1.009359254078129
1.5100000000000005,0.7534083653390785
1.6100000000000005,0.45616339175802134
1.7100000000000006,nan
1.8100000000000007,nan
1.9100000000000008,0.053985343165744604
2.0100000000000007,1.1274034892469302
2.110000000000001,0.12843968839725753
2.210000000000001,nan
2.3100000000000014,0.9754581113878577
2.410000000000001,0.2555479798324676
2.5100000000000016,0.26699021598479705
2.610000000000001,1.1752693277692512
2.76,0.8538172265707767
2.86,0.981482784755964
2.96,0.6525928718622219
3.06,0.710577402131851
3.16,1.0917212614357916
3.2600000000000002,0.9817110010238873
3.3600000000000003,1.0060510882595735
3.61,0.9254103463387856
3.71,0.8791877701172705
3.81,0.11336974320248458
3.91,0.8197172936166843
4.01,0.9862964360926026
4.11,0.7884119326247883
4.210000000000001,0.7333486400450382
4.3100000000000005,nan
4.41,0.2867903932880843
4.510000000000001,0.4469560451287706
4.610000000000001,0.8985407179946194
4.710000000000001,0.96680194525603
5.51,1.2722614066737588
5.609999999999999,1.0564513980263956
5.709999999999999,0.23890805540276164
5.809999999999999,nan
5.909999999999998,0.2631617875260317
6.009999999999998,0.9535192682336542
6.109999999999998,1.109417734933698
6.209999999999997,0.39616993174130977
6.309999999999997,nan
6.409999999999997,0.5592927913728597
6.509999999999996,0.6584712532679944
6.609999999999996,0.5379224406286601
6.7099999999999955,0.9872964263013474
6.809999999999995,1.008062137395719
7.28,0.9126776657864892
7.38,0.8479796227029176
7.4799999999999995,0.19322114271646648
7.579999999999999,nan
7.679999999999999,0.5486831646655185
7.7799999999999985,0.9072143250312823
7.879999999999998,0.6160236396342487
7.979999999999998,nan
8.079999999999998,nan
8.179999999999996,0.9318370439883793
8.279999999999998,0.4590350402545587
8.379999999999995,0.9578873735324245
8.479999999999997,0.4724386654622454
8.579999999999995,0.5521516215527718
8.679999999999996,1.0253351527721601
8.96,0.9173098295936891
9.06,0.7572218568025502
9.16,0.822464866409517
9.26,0.4982116344645172
9.36,1.1353609536004141
9.459999999999999,0.8693386588294401
9.559999999999999,0.7877586379593549
9.659999999999998,0.6457447158411159
9.759999999999998,0.6134402510060777
9.859999999999998,1.0859249365694712
9.959999999999997,1.0646111765174295
11.16,1.1376204875755112
11.26,0.8807682673221341
11.36,0.571311097040757
11.459999999999999,1.2574090712006336
11.82,1.1523324944548814
11.92,0.7301328338638681
12.02,nan
12.12,nan
12.219999999999999,0.48388623422415467
12.319999999999999,0.920791253124308
12.419999999999998,0.7510387412737446
12.519999999999998,0.662379980629787
12.619999999999997,0.5868651612419442
12.719999999999997,0.9458946746310338
12.819999999999997,0.8863127098804783
12.919999999999996,0.7377839004616104
13.019999999999996,0.26910934360857697
13.119999999999996,nan
13.219999999999995,0.5775926707579955
13.319999999999995,0.3940201680418927
13.419999999999995,0.40140046631193915
13.519999999999994,0.6450171996357744
13.619999999999994,0.6337989007738782
13.719999999999994,0.8716114385499829
20.03,0.9272679439943617
20.130000000000003,0.8544888630250451
20.230000000000004,nan
20.330000000000005,0.6192673650954251
20.430000000000007,0.7881422541692817
20.53000000000001,0.6192747067239253
20.63000000000001,0.7171211906386092
20.73000000000001,0.8816039459609802
20.830000000000013,1.1393929307487738
20.930000000000014,1.0320166955122325
21.030000000000015,0.6428282106390629
21.130000000000017,0.9877682519106906
21.230000000000018,1.0631760864144209
21.33000000000002,0.8956232094920925
21.43000000000002,0.6583078249373112
21.530000000000022,0.9657293058085603
21.630000000000024,0.4289125121987426
21.730000000000025,0.4776430780446707
21.830000000000027,0.8926946227229807
21.930000000000028,0.429290411163053
22.03000000000003,0.22828607331032075
22.13000000000003,0.392579048503675
22.230000000000032,0.794274863180329
22.330000000000034,0.6717411858610361
22.430000000000035,0.25811905610932634
22.530000000000037,0.8139743273800817
22.630000000000038,0.8670209914693683
22.73000000000004,0.1441146982594804
22.83000000000004,0.29087489330294075
22.930000000000042,0.40860400249231205
23.030000000000044,0.6499708471404183
27.29,0.33655184633341334
27.39,nan
27.490000000000002,0.6783752784126033
27.590000000000003,0.5835544170389683
27.690000000000005,0.9752739200490692
27.790000000000006,0.8835010981456584
27.890000000000008,0.9583138737495219
27.99000000000001,0.8752045998397835
28.09000000000001,0.5486043152546952
28.190000000000012,0.9108715372187806
28.290000000000013,0.8496111992232862
28.390000000000015,0.13432665933692034
28.490000000000016,0.7957927107988786
28.590000000000018,0.9662709785769698
28.69000000000002,0.8317137131132231
28.79000000000002,1.0091093026720162
28.890000000000022,0.682177844768765
28.990000000000023,1.1010606194902475
29.090000000000025,0.5640457617054279
29.190000000000026,0.7315380043983976
29.290000000000028,0.5747567785534066
29.39000000000003,nan
29.49000000000003,nan
29.590000000000032,0.5953576019566094
29.690000000000033,0.9896601262383304
29.790000000000035,0.4105569789237481
29.890000000000036,0.5253211194228843
29.990000000000038,0.4717297943889789
30.09000000000004,0.83379132182255
30.19000000000004,0.774724480208286
30.290000000000042,0.19394919536214267
30.390000000000043,0.32158348127734293
30.490000000000045,0.7180293308705511
30.590000000000046,nan
30.690000000000047,0.43133690700831345
30.79000000000005,0.6299932104904158
30.89000000000005,nan
30.99000000000005,0.7706232918489826
31.090000000000053,0.764103883038784
31.190000000000055,0.637896416705687
31.290000000000056,0.22506294065661148
31.390000000000057,nan
31.49000000000006,0.5951428151244618
31.59000000000006,0.03507169108391715
31.69000000000006,nan
31.790000000000063,nan
31.890000000000065,0.5346010975410215
31.990000000000066,0.8190216849801963
32.09000000000007,0.14737594534747267
32.19000000000007,nan
32.29000000000007,0.29558831159065385
32.39000000000007,0.4271367145646917
32.49000000000007,0.22114289704565124
32.590000000000074,0.34748554828257067
32.690000000000076,0.08812591388982505
32.79000000000008,0.9199522345553169
32.89000000000008,0.7401524037724129
32.99000000000008,0.8654045626949975
33.2,0.8143977001288726
33.300000000000004,0.654856099942777
33.400000000000006,0.5434568464634466
33.50000000000001,0.6563139132647781
33.60000000000001,0.8135432830555595
33.70000000000001,0.5555552778206295
33.80000000000001,0.6713089094351609
33.90000000000001,1.0372493401788263
34.000000000000014,0.44126789099383357
34.100000000000016,0.696516249865669
34.20000000000002,0.8635322687184906
37.47,0.9330858294704287
37.57,1.092723306919985
37.67,0.8584278863599213
37.77,1.1215070777293732
37.870000000000005,0.6769584624449596
37.970000000000006,1.1828095792358928
38.07000000000001,1.0239620751731453
38.17000000000001,0.8963400662644958
40.03,1.1300203501914161
40.13,1.2162710100398573
40.230000000000004,1.1680683821864066
40.330000000000005,0.6462866179577376
40.43000000000001,0.7411157922353633
40.53000000000001,1.0580335168451482
40.63000000000001,0.8305072542357878
40.73000000000001,0.7053572187682955
40.83000000000001,0.8224692216694083
42.91,0.8729793679619529
43.01,0.716248254269412
43.11,0.25873054484465036
43.21,0.25162541652715903
43.31,nan
43.410000000000004,0.3886481489456366
43.510000000000005,nan
43.61000000000001,1.052570320187084
43.71000000000001,1.053477262372991
46.6,0.6633219423266151
46.7,0.53338409952146
46.800000000000004,0.851493716626945
46.900000000000006,1.0185905772745572
47.00000000000001,0.7170529857218714
47.10000000000001,0.6928504537938917
47.20000000000001,0.7454817439497186
47.52,0.8665307988398893
47.620000000000005,0.5813835437034359
47.720000000000006,0.6984794250599264
47.82000000000001,0.4668057340675305
47.92000000000001,0.46680898055869746
48.02000000000001,0.595249060970604
48.12000000000001,0.8531250368054598
48.22000000000001,0.6224027756506391
48.320000000000014,0.5928001240569224
48.81,0.7276968861843107
48.910000000000004,0.40932223042519783
49.010000000000005,0.3433554419443606
49.11000000000001,0.23676301140471367
49.21000000000001,0.30042408143518984
49.31000000000001,0.7659123617614396
49.41000000000001,0.5983572128936046
49.51000000000001,0.6811302907896397
49.610000000000014,0.7561301377261875
49.710000000000015,0.2007336949925037
49.81000000000002,nan
49.91000000000002,0.5358832080668281
50.01000000000002,0.583047547441491
50.11000000000002,0.485603741161161
50.21000000000002,0.7845600439917636
50.310000000000024,0.6665473543047988
50.410000000000025,nan
50.510000000000026,0.6867299430103067
50.61000000000003,0.48868669575378926
50.71000000000003,0.5014014511150046
50.81000000000003,nan
51.2,0.45723009490016364
51.300000000000004,0.608605126136242
51.400000000000006,0.10863091582575457
51.50000000000001,0.6259381645197791
51.60000000000001,0.5227796909559554
51.70000000000001,0.5486891909059459
52.27,0.7354791421898773
52.370000000000005,0.6639293921071977
52.470000000000006,0.5625925216112436
52.57000000000001,0.6683687351304429
52.67000000000001,0.37468240462435826
52.77000000000001,0.5458540684581195
52.87000000000001,nan
52.97000000000001,0.7087498032020909
53.070000000000014,0.8841155922983794
53.170000000000016,0.6925513228616856
53.27000000000002,0.607154386826148
53.37000000000002,0.5776212932896605
53.47000000000002,0.5173013179966872
53.57000000000002,0.6193734765362389
53.67000000000002,0.816347247181583
56.98,1.044630266998429
57.08,1.056863281801398
57.18,0.9660421096836516
57.28,0.30724252200302227
57.38,nan
57.480000000000004,0.5143057844830969
57.580000000000005,0.8032010355258098
57.68000000000001,0.7170589419026995
57.78000000000001,0.8994606750360352
57.88000000000001,0.719677941884605
57.98000000000001,1.011654520353633
58.08000000000001,0.45551993275966235
58.180000000000014,0.9593306115187218
58.280000000000015,0.9887471778680593
58.38000000000002,0.2551865126764569
58.48000000000002,0.8260394766503504
58.58000000000002,0.653801857079709
58.68000000000002,0.9756531411420374
58.78000000000002,0.9060954746344115
58.880000000000024,0.357973195550451
58.980000000000025,0.741898007221325
59.08000000000003,1.0436924047727223
59.18000000000003,0.8927108274482041
59.28000000000003,0.6655724917937864
59.38000000000003,0.693350374429459
59.48000000000003,0.4719476177705746
59.580000000000034,0.5467374971947131
59.680000000000035,0.8414470350118127
59.78000000000004,0.7410581618206249
59.88000000000004,0.855202825118489
60.53,0.8243814653562344
60.63,0.8151668900521972
60.730000000000004,0.27316065305383147
60.830000000000005,1.0585746806967462
60.93000000000001,0.3845083579413399
61.03000000000001,0.6639970366575102
61.13000000000001,0.4398027206888
61.23000000000001,0.6367050506410729
61.33000000000001,0.718320728963654
61.430000000000014,0.9308744914779279
61.530000000000015,0.7108480163241238
61.63000000000002,0.8004126393633446
61.73000000000002,nan
61.83000000000002,nan
61.93000000000002,0.7320719169247447
62.03000000000002,0.6709812854432609
62.130000000000024,0.6031913449316767
62.230000000000025,0.7562738845997994
62.33000000000003,0.8809173247856151
62.43000000000003,0.8427818622095158
62.53000000000003,0.9028566555235509
62.63000000000003,1.0054349308702732
62.73000000000003,0.9434487826492276
62.830000000000034,0.7698972849023911
62.930000000000035,0.6601168773295095
63.03000000000004,0.9755442625748547
63.13000000000004,0.8823117376664017
63.23000000000004,0.6608936476492338
63.33000000000004,0.8767347651806451
63.43000000000004,0.5240670621311128
63.530000000000044,0.8625361391897065
63.630000000000045,0.8777486846774867
63.73000000000005,0.7702259419231746
63.83000000000005,0.6947831391086399
64.93,0.6189482538552434
65.03,0.6220561952277888
65.13,0.46570061509949034
65.22999999999999,0.7405590064616185
65.32999999999998,0.7111890450645589
65.42999999999998,0.924181302649865
65.52999999999997,0.9375579572552588
65.62999999999997,0.9339567141064334
65.72999999999996,0.5812100545282609
65.82999999999996,0.8971140950472228
65.92999999999995,0.5625229694765083
66.02999999999994,0.9954787410723053
66.12999999999994,1.1955466061185807
66.22999999999993,0.777074710750331
66.32999999999993,1.0769732562851784
66.42999999999992,0.978838146512055
66.52999999999992,1.0337709611252939
66.62999999999991,0.8898059447007768
66.7299999999999,0.840113202792424
66.8299999999999,1.1405969860450462
66.9299999999999,1.0529583389877335
67.02999999999989,0.941950351189437
67.12999999999988,1.0596997334969334
67.22999999999988,0.953152488853186
67.32999999999987,0.8550185091625275
67.42999999999986,1.0316678080722017
67.52999999999986,0.9749269130350436
67.62999999999985,1.0823510866740194
67.87,0.8725206296778405
67.97,0.7219358200969953
68.07,0.17805678285015505
68.16999999999999,0.8071617994988337
68.26999999999998,1.0236891766484606
68.36999999999998,0.5962894532887941
68.46999999999997,0.20122519863633215
68.56999999999996,0.7199568084571376
68.66999999999996,0.8073981653990566
68.97,1.0311277545769233
69.07,0.9792051387904939
69.16999999999999,0.5598413490157539
69.26999999999998,0.685034219179191
69.36999999999998,0.6849923857407346
69.46999999999997,0.8505649650821289
69.56999999999996,0.5654280213977761
69.66999999999996,0.9544644693166099
69.76999999999995,0.5561446823766484
69.86999999999995,0.6798383879806642
69.96999999999994,0.5904203707225659
70.06999999999994,0.814349823683821
70.16999999999993,1.0156915473589496
70.26999999999992,0.8419469227650482
70.36999999999992,0.3632307181530435
70.46999999999991,0.6049686805425905
70.56999999999991,0.7712460858600061
70.6699999999999,0.7131927728188064
70.7699999999999,1.0517972588118234
70.86999999999989,0.481955977652783
70.96999999999989,0.8900763971002773
71.06999999999988,0.883600425109277
71.16999999999987,0.5515996626418104
71.26999999999987,0.8012363525629618
71.36999999999986,0.9527964131118822
71.46999999999986,nan
71.56999999999985,0.4566867978961315
71.66999999999985,0.8493572214685424
71.76999999999984,0.7669346506605894
71.86999999999983,0.7226015313212738
71.96999999999983,1.0692624972599083
72.06999999999982,0.8415063037558141
72.16999999999982,1.0991548007020424
72.26999999999981,0.8942655760602028
72.3699999999998,0.8001001705318379
72.4699999999998,0.9204704057425668
72.5699999999998,0.9171298834256519
72.66999999999979,0.9704018325740071
72.76999999999978,1.0256152701970784
72.86999999999978,0.46645941038211286
72.96999999999977,0.9728846143714927
73.06999999999977,0.8149170548147204
73.16999999999976,0.6445693522833169
73.26999999999975,0.8305331324101483
73.36999999999975,0.9612391842954826
73.46999999999974,0.9606061875252354
73.56999999999974,0.8072488448120101
73.66999999999973,0.9185183693959714
74.11,1.0780930384206624
74.21,1.0812101814124593
74.30999999999999,0.3807105545386006
74.40999999999998,0.48140738788348725
74.50999999999998,nan
74.60999999999997,nan
74.70999999999997,0.07549025303707195
74.80999999999996,0.8348339632712469
74.90999999999995,0.8717170197201899
75.00999999999995,0.2416368506829371
75.10999999999994,0.6557052915863261
75.20999999999994,0.725115400277983
75.30999999999993,0.702894015106521
75.40999999999993,0.971973910712285
75.50999999999992,1.171514460338568
75.60999999999991,0.8410466160292521
75.70999999999991,0.9172781387980614
75.8099999999999,nan
75.9099999999999,1.0029621203936847
76.00999999999989,0.4448764176738811
76.10999999999989,nan
76.20999999999988,0.10778550638222062
76.30999999999987,nan
76.40999999999987,0.33225311229350873
76.50999999999986,0.6183572188371196
76.60999999999986,0.18032573021103368
76.70999999999985,nan
76.80999999999985,0.5635308797243416
76.90999999999984,0.6305176228198813
77.00999999999983,0.5844329554478743
77.10999999999983,0.5996105298408038
77.20999999999982,0.7885010478022734
77.30999999999982,0.920515157493698
77.40999999999981,0.9134407162383192
77.5099999999998,0.3696403792971342
77.6099999999998,nan
77.7099999999998,0.38849036936246467
77.80999999999979,nan
77.90999999999978,0.7825707445545755
78.00999999999978,0.6861563327787698
78.10999999999977,nan
78.20999999999977,0.5235804916549496
78.30999999999976,0.7494172049449467
78.40999999999976,nan
78.50999999999975,0.8872777987779439
78.60999999999974,0.8581474597236731
78.70999999999974,0.8044515302268312
78.80999999999973,0.2996347283898693
78.90999999999973,0.11267859534197988
79.00999999999972,nan
79.10999999999972,0.6685758645932366
79.20999999999971,nan
79.3099999999997,0.8215148685862432
79.4099999999997,0.958796082103877
79.50999999999969,0.997010449850868
79.60999999999969,0.600112133850338
79.70999999999968,0.18675342794124453
79.80999999999968,0.7295627563968674
79.90999999999967,0.5489879090386753
80.00999999999966,0.46729658328262047
80.10999999999966,0.23082955202276495
80.20999999999965,0.368542960690363
80.30999999999965,0.42995421956776647
80.40999999999964,nan
80.50999999999964,0.3245175967458332
80.60999999999963,nan
80.70999999999962,nan
80.80999999999962,0.5772395428399518
80.90999999999961,0.44452571628314
81.00999999999961,nan
81.1099999999996,0.40208941797315584
81.2099999999996,0.7932968385328103
81.30999999999959,1.0805842726569812
81.40999999999958,0.8868281657132472
81.50999999999958,0.9249990592508486
81.60999999999957,0.9798056060289126
81.70999999999957,1.0750973982356926
81.80999999999956,0.8626500179664773
81.90999999999956,0.8628279134860152
82.00999999999955,0.6712957747083497
82.10999999999954,1.0386214328048513
82.20999999999954,0.8732703350045359
82.30999999999953,0.8721690723208922
82.40999999999953,0.8497131906302994
82.50999999999952,0.719982641690469
82.60999999999952,0.5161156016969083
82.70999999999951,0.5992634793758297
82.8099999999995,0.6730416715050762
82.9099999999995,0.6599467586631196
83.0099999999995,0.5242295023406296
83.10999999999949,nan
83.20999999999948,nan
83.30999999999948,0.7134932907581006
83.40999999999947,0.8123035621460235
84.61,1.2430016465403861
84.71,0.5957201015776216
84.80999999999999,0.7962435731739984
84.90999999999998,0.8560671623124744
85.00999999999998,0.8865281282385497
85.10999999999997,1.0824644952839348
85.20999999999997,1.0907564411050858
85.30999999999996,0.8006497932128923
85.40999999999995,0.6302251948972455
85.50999999999995,nan
85.60999999999994,nan
85.70999999999994,nan
85.80999999999993,0.5271710013446873
85.90999999999993,0.954411782213804
86.00999999999992,0.23365802071572314
86.10999999999991,0.29009137643083904
86.20999999999991,0.8091194162274966
86.3099999999999,0.9378770721135388
86.4099999999999,nan
86.50999999999989,nan
86.60999999999989,0.20316237111538957
86.70999999999988,0.937831679801594
87.45,1.0827639336435317
87.55,nan
87.64999999999999,1.0003887280673258
87.74999999999999,1.1402456778323713
87.84999999999998,0.8245260123448548
87.94999999999997,0.9503907533092226
88.04999999999997,0.5009176176501828
88.14999999999996,0.8485693424055047
88.24999999999996,0.8059187582323545
88.34999999999995,0.5174200863278284
88.44999999999995,0.1547869711356832
88.54999999999994,nan
88.64999999999993,0.8050466145586777
88.74999999999993,0.5540767855402097
88.84999999999992,0.5757430331010608
88.94999999999992,0.7301811378480341
89.04999999999991,0.76428326506777
89.1499999999999,1.035532100173917
89.31,1.116541133338246
89.41,1.004492523052891
89.50999999999999,0.7885193937944809
89.60999999999999,1.123745535222931
89.70999999999998,0.5327630505471426
89.80999999999997,nan
89.90999999999997,nan
90.00999999999996,0.9171252265870683
90.10999999999996,nan
90.20999999999995,0.5860457523407272
90.30999999999995,0.48221889621341796
90.55,0.9933634791740796
90.64999999999999,0.4685449803946262
90.74999999999999,0.8452170231866938
90.84999999999998,0.9717336249642078
90.94999999999997,0.9256692056117143
91.27,0.9115167937795333
91.36999999999999,0.7767893907347393
91.46999999999998,0.8731728308218057
91.56999999999998,0.7405954688358914
91.66999999999997,0.6888726275966611
91.76999999999997,0.7168631305523129
93.41,0.9748696334068494
93.50999999999999,0.5617644398734354
93.60999999999999,0.43488876669054816
93.70999999999998,0.11275315501251723
93.80999999999997,0.4159964741177858
93.90999999999997,1.060211848739768
94.00999999999996,0.9362473013713928
94.27,0.7468671225512913
94.36999999999999,0.4615203147192891
94.46999999999998,1.0811528879859666
96.22,1.2780189180690216
96.32,0.775796989355317
96.41999999999999,0.9790495301598798
96.51999999999998,0.4038279778615545
96.61999999999998,1.0039860626071022
96.71999999999997,nan
96.81999999999996,0.739695476887649
96.91999999999996,1.292230939865623
98.03,0.7326614791330377
98.13,0.6223812210014196
98.22999999999999,0.6145879461063543
98.32999999999998,0.3740251124078918
98.42999999999998,0.8951482181414319
98.52999999999997,0.9403235378493902
98.62999999999997,0.688792424717447
98.72999999999996,0.7755598441605955
98.82999999999996,0.47965273953898074
98.92999999999995,0.8048054495734778
99.02999999999994,0.6683334858164668
99.12999999999994,0.8147413805328025
99.22999999999993,0.7916442150345697
99.32999999999993,1.0223350461103422
99.65,0.8914739470895496
99.75,0.021952779686710142
99.85,0.6936277690396239
99.94999999999999,0.9793451373973501
100.04999999999998,0.5825501697804906
100.14999999999998,0.5433255126944133
100.24999999999997,0.11670866413926362
100.34999999999997,0.8727926498510005
100.44999999999996,1.164835905746282
100.54999999999995,0.4416452003485639
100.64999999999995,0.4748256497698076
100.74999999999994,0.5541426739961995
100.84999999999994,0.7033184359866894
100.94999999999993,0.8035971674750034
101.04999999999993,0.7007421031866792
101.14999999999992,0.18964793561534465
101.24999999999991,0.6912450892114484
101.34999999999991,0.335586004167057
101.4499999999999,nan
101.5499999999999,0.12551120771671176
101.64999999999989,0.6554438603297418
101.74999999999989,nan
101.84999999999988,1.1745303407853847
101.94999999999987,1.2195412414606956
102.04999999999987,1.2637986044353393
106.3,0.6009038862733134
106.39999999999999,1.0374039356198665
106.49999999999999,nan
106.59999999999998,0.2619712189702744
106.69999999999997,0.7295389620271941
106.79999999999997,1.0861003838030685
106.89999999999996,0.8289412851508133
106.99999999999996,0.4700659383845784
107.09999999999995,0.35623786541921737
107.19999999999995,1.0263990580576605
107.29999999999994,0.8974957934092522
107.39999999999993,0.3811608285885971
107.49999999999993,nan
107.59999999999992,0.48176727377416184
107.69999999999992,0.5682324008603833
107.79999999999991,nan
107.8999999999999,0.8647297738927676
112.49,1.138178208952588
112.58999999999999,1.1050034165496747
112.68999999999998,1.3131133797156487
112.78999999999998,1.3221418422263824
112.88999999999997,0.9076269922992509
112.98999999999997,1.324176615999863
113.08999999999996,nan
113.18999999999996,nan
113.28999999999995,1.0683502566703127
113.38999999999994,0.9248860051661361
113.48999999999994,0.79866106681845
113.58999999999993,0.8334169806723877
113.68999999999993,nan
113.78999999999992,0.9514394166219415
113.88999999999992,0.5757205390913208
113.98999999999991,1.2861421947406588
114.0899999999999,0.9456160013046592
114.1899999999999,0.55379424657327
114.28999999999989,0.8396125514596514
114.38999999999989,1.3166029883011834
114.48999999999988,1.3876092237414828
114.58999999999988,0.9579388627317713
114.68999999999987,0.47102131896475796
114.78999999999986,1.177653735962816
114.88999999999986,1.2604402245418775
114.98999999999985,1.1966171414177713
115.08999999999985,1.0330858556245135
115.36,1.1587535615126607
115.46,0.6896855156974422
115.55999999999999,1.295854507505709
115.65999999999998,1.0041423491093953
115.75999999999998,0.31214668391765876
115.85999999999997,0.5641456534839758
115.95999999999997,0.5339523083104829
116.05999999999996,nan
116.15999999999995,0.7601315441038383
116.25999999999995,0.772328568106482
116.35999999999994,0.7704037196536909
116.45999999999994,1.3671237489013919
116.55999999999993,1.300791928142239
116.65999999999993,0.4606206044241005
116.75999999999992,nan
116.85999999999991,0.9286420136519381
116.95999999999991,1.2758591368665202
117.0599999999999,1.0665841466352382
117.1599999999999,0.6643492579493977
117.25999999999989,0.9707090148460474
117.9,1.094453782848306
118.0,0.7712969951202397
118.1,0.802865645142735
118.19999999999999,1.2356065022332132
118.29999999999998,1.0216828617259475
118.39999999999998,0.6038494752730762
118.49999999999997,0.5002469006597022
118.59999999999997,0.6415839458407411
118.69999999999996,0.5515167337289266
118.79999999999995,0.9734620754702781
118.89999999999995,0.401278945582818
118.99999999999994,0.196444928883016
119.09999999999994,0.40001073728675207
119.19999999999993,0.7983360049652104
119.29999999999993,0.6553795373032915
119.39999999999992,0.6272264277487557
119.49999999999991,0.9426824000782511
119.59999999999991,0.43780807332380434
119.6999999999999,nan
119.7999999999999,0.9143979656096332
119.89999999999989,1.0381812121841034
119.99999999999989,0.3715615907565985
120.09999999999988,0.5436733004355515
120.19999999999987,0.7118249368424177
120.29999999999987,0.8520237693548959
120.39999999999986,nan
120.49999999999986,nan
120.59999999999985,0.6351777263500654
121.29,0.924678777941396
121.39,0.6000533594701717
121.49,0.541081105083831
121.58999999999999,0.3328041506481977
121.68999999999998,0.1818571880303343
121.78999999999998,0.6265543723185507
121.88999999999997,0.2881830275296752
121.98999999999997,0.8632953132667378
122.08999999999996,0.6455695294187958
122.18999999999996,0.9394903777992651
122.28999999999995,0.940471066825622
122.38999999999994,0.09808736675344666
122.48999999999994,0.3279564246213576
122.58999999999993,0.6545511820835369
122.68999999999993,1.0417993362818667
122.78999999999992,0.9268940468130967
122.88999999999992,0.8080580876263973
122.98999999999991,0.6232338484238801
123.0899999999999,0.8540113198900685
123.54,0.6935971208172808
123.64,0.4647580121378164
123.74,nan
123.83999999999999,0.66478212229101
123.93999999999998,0.6281886434422176
124.03999999999998,0.5831791491249247
124.13999999999997,0.17782379890819114
124.23999999999997,0.795278710407147
124.33999999999996,0.8505301394431517
124.43999999999996,0.9857532573204825
124.53999999999995,0.6888902269791051
124.63999999999994,0.41362938993058335
124.73999999999994,0.9359002506473613
124.83999999999993,1.0782397334279783
124.93999999999993,0.7560751095105265
125.03999999999992,0.5436195751729475
125.13999999999992,nan
125.23999999999991,0.5849471036137962
125.3399999999999,nan
125.4399999999999,0.08917956484878313
125.53999999999989,0.33058906877142524
125.63999999999989,0.49524056492505086
125.73999999999988,0.8659085988166612
126.38,1.077833728300117
126.47999999999999,0.5037999757588418
126.57999999999998,0.800847998558527
126.67999999999998,0.8697396753172035
126.77999999999997,0.45385705865835546
126.87999999999997,0.3636954360561743
126.97999999999996,0.7831502620887612
127.07999999999996,0.5685799767045363
127.17999999999995,1.0892599257523488
127.27999999999994,0.89797782792403
127.37999999999994,0.22034839413806584
127.47999999999993,0.4490861743148989
127.57999999999993,1.2785920741566832
127.67999999999992,1.080534037599068
127.77999999999992,1.2406729818064983
127.87999999999991,1.1324603718861863
127.9799999999999,0.9473811960866485
128.0799999999999,1.0380891110872503
128.3,0.8273686887795839
128.4,0.9028214053802447
128.5,0.7197629339468963
128.6,0.6914438590788567
128.7,0.553011786670045
128.79999999999998,0.9520374106257322
128.89999999999998,0.2411465866541879
128.99999999999997,0.5435425259066146
129.09999999999997,0.506062463851818
129.19999999999996,0.4114918250673655
129.29999999999995,0.9914241655794231
129.39999999999995,1.1211177145777158
129.49999999999994,0.3380749099723129
129.59999999999994,1.2659865790727787
129.69999999999993,1.2184232307514447
129.79999999999993,0.1462752796707755
129.89999999999992,0.509957414380238
129.99999999999991,1.3169959635262076
130.0999999999999,1.1612575456485372
130.1999999999999,1.1262862498165005
130.2999999999999,1.0301076537780158
130.3999999999999,0.5572820676411552
130.4999999999999,1.0450893909684091
131.11,1.2180835104197643
131.21,0.396840190850531
131.31,0.3700036004373314
131.41,0.5309863644784183
131.51,0.40807048197120205
131.60999999999999,0.7203767227736806
131.70999999999998,0.46529810289429707
131.80999999999997,1.128859324496836
131.90999999999997,1.349245923303938
136.99,1.2550379814140136
137.09,1.204830941390853
137.19,0.5878847697257175
137.29,1.450858612499797
137.39,1.335273157895171
137.48999999999998,1.4850082418362927
137.58999999999997,0.5208909399803009
137.68999999999997,0.676245172322425
137.78999999999996,0.8575935605870971
137.88999999999996,1.2095452548530157
138.58,1.5365478067856915
138.68,0.8275448456509116
138.78,0.7905977649211342
138.88,1.1617358031443266
138.98,0.36783383746772597
139.07999999999998,0.5276323278800031
139.17999999999998,0.9965678846616216
139.27999999999997,0.48576060838096013
139.37999999999997,0.40958905483632596
139.47999999999996,0.7694365353099457
139.57999999999996,0.46904017785604696
139.67999999999995,1.4671260221167906
139.77999999999994,1.2017097394206306
139.87999999999994,nan
139.97999999999993,nan
140.07999999999993,nan
140.17999999999992,0.3858975070649548
140.27999999999992,0.4606517097350818
140.3799999999999,0.9900572151982361
140.4799999999999,1.2709930936133675
140.5799999999999,1.3460026888986671
140.6799999999999,1.3879051665023596
140.7799999999999,0.8904102081148257
140.87999999999988,1.2436753572164945
149.3,1.205450211843718
149.4,0.7416851629586744
149.5,0.9984893097046896
149.6,0.8640936813412645
149.7,0.5224992775171616
149.79999999999998,nan
149.89999999999998,nan
149.99999999999997,0.8301369089376308
150.09999999999997,0.1582314943673488
150.19999999999996,nan
150.29999999999995,0.5274863457396155
150.39999999999995,0.8847520832660203
150.49999999999994,0.7330494959793517
150.59999999999994,0.8118650125931615
150.69999999999993,0.8675539441933603
150.79999999999993,0.9364886009369507
150.89999999999992,0.5715446392809549
150.99999999999991,0.7639392471952373
151.62,1.0742739890885524
151.72,0.956457802659402
151.82,0.639251318240223
151.92,1.0239248159681875
152.01999999999998,0.31342535526967114
152.11999999999998,nan
152.21999999999997,0.3090586070562881
152.31999999999996,0.8899071998151773
157.99,0.9114291851475196
158.09,0.8743645382449492
158.19,0.9616951424125483
158.29,0.7970690020902623
158.39,0.9320553163846056
158.48999999999998,0.9383053263725627
158.58999999999997,0.9151103526015378
158.68999999999997,1.2282805721506487
158.78999999999996,0.9648622538821437
158.88999999999996,0.9151967652173941
158.98999999999995,1.093568856001809
159.08999999999995,1.057775009208866
159.18999999999994,0.9738354943715316
159.28999999999994,0.7721266104390536
159.38999999999993,0.9901753507788741
159.48999999999992,1.1190339394466746
159.58999999999992,0.8553669682118906
159.6899999999999,1.1912179507894944
159.7899999999999,1.2479166701079474
159.8899999999999,0.4459716632467664
159.9899999999999,nan
160.0899999999999,0.8519691133161909
160.18999999999988,0.4769924908239078
160.28999999999988,0.7206283627317639
160.38999999999987,0.8204761232013791
160.48999999999987,0.7494322795192891
160.58999999999986,0.8605282533003079
160.68999999999986,0.8705023796526017
166.57,nan
166.67,0.770643152636787
166.76999999999998,0.8097473108832127
166.86999999999998,0.7274232596423087
166.96999999999997,0.5983834607612871
167.06999999999996,0.732346816563031
167.16999999999996,0.44806065907452464
167.26999999999995,0.8893058479474826
167.36999999999995,0.8226316898883912
167.81,0.7022580799397645
167.91,0.3484753413382002
168.01,nan
168.10999999999999,nan
168.20999999999998,nan
168.30999999999997,nan
168.40999999999997,0.43707455845455473
168.50999999999996,0.19235286680074837
168.60999999999996,0.1922238997733316
168.70999999999995,0.36686664461342167
168.80999999999995,nan
168.90999999999994,nan
169.00999999999993,nan
169.10999999999993,0.3904532682047529
169.20999999999992,0.5104728943653183
169.30999999999992,0.5090751103633449
169.4099999999999,0.861549891856948
170.57,nan
170.67,0.16860001157430662
170.76999999999998,nan
170.86999999999998,nan
170.96999999999997,nan
171.06999999999996,nan
171.16999999999996,0.5854215002663734
171.26999999999995,0.6825683202919985
171.36999999999995,1.0601167231978639
171.46999999999994,0.5501523616703317
171.97,0.9516966970832336
172.07,0.32200861717096046
172.17,0.3407221000364584
172.26999999999998,nan
172.36999999999998,0.6284204170755548
172.46999999999997,0.9241404554570666
172.56999999999996,0.8587310036458712
172.66999999999996,0.6880343362322489
172.76999999999995,nan
172.86999999999995,0.8540260001337656
172.96999999999994,0.7043611569634287
173.06999999999994,0.9781248472074189
173.16999999999993,0.687605891166382
173.26999999999992,0.7767070912843657
173.36999999999992,0.8060968679847899
174.02,0.9172542573329292
174.12,nan
174.22,0.2910183723639595
174.32,0.578648380599276
174.42,1.012167366939144
174.51999999999998,0.8897534547170867
174.61999999999998,0.7685344646514709
174.71999999999997,0.9151785499962365
174.97,1.0024626758613242
175.07,0.23536231772336386
175.17,nan
175.26999999999998,0.4485824629410491
175.36999999999998,0.3483717429419253
175.46999999999997,nan
175.56999999999996,nan
175.66999999999996,0.9979094878105653
182.4,1.1164115649655952
182.5,1.0338291988109938
182.6,1.0760680646716254
182.7,1.2640557736610114
182.79999999999998,0.6249191342379793
182.89999999999998,0.8682444688623644
182.99999999999997,0.5656762551134354
183.09999999999997,0.566042681842097
183.19999999999996,1.0103154873576765
183.29999999999995,1.1315083726210236
184.51,1.3796227632585736
184.60999999999999,0.8700074975932791
184.70999999999998,1.297883044168715
184.80999999999997,1.3015880482709403
184.90999999999997,nan
185.00999999999996,1.186376585045031
185.10999999999996,1.1792063142506433
185.20999999999995,0.9063148556439177
185.30999999999995,0.5419918688313636
185.40999999999994,1.149366609213198
185.50999999999993,1.202435116273022
185.60999999999993,0.9814403918811642
185.70999999999992,1.170933013548051
185.80999999999992,1.3799453494148144
185.9099999999999,1.1980556833880154
186.0099999999999,0.5688127869856295
186.1099999999999,0.5167929157251331
186.2099999999999,0.519771730191149
186.34,1.3263803920236816
186.44,0.9375993954302009
186.54,0.7952991520738069
186.64,0.8204119268235217
186.73999999999998,1.0158395230954216
186.83999999999997,0.7407342326808622
186.93999999999997,0.633316581549121
187.03999999999996,nan
187.13999999999996,nan
187.23999999999995,0.8563485919447207
187.33999999999995,0.833145829560136
187.43999999999994,0.9426461545975472
187.53999999999994,1.1498740152826397
188.01,1.2870768520658271
188.10999999999999,0.9164183146524103
188.20999999999998,0.783238216930713
188.30999999999997,1.1870759335383942
188.40999999999997,0.7417498027522529
188.50999999999996,0.7304133674719239
188.60999999999996,0.9807180278382066
188.70999999999995,1.3004628132026013
188.80999999999995,1.3612769975392176
188.90999999999994,0.3975145185728327
189.00999999999993,nan
189.10999999999993,nan
189.20999999999992,0.4162616681164667
189.30999999999992,0.7649065381871247
189.4099999999999,0.2480265253206079
189.5099999999999,0.46213335906710146
189.6099999999999,0.5584990405869238
189.7099999999999,0.8225023878920479
192.1,1.2755373061095399
192.2,0.775253931742853
192.29999999999998,0.48295230984133036
192.39999999999998,nan
192.49999999999997,0.1756591040017312
192.59999999999997,1.0728134273312053
193.74,1.1636461571186048
193.84,0.26186654335983967
193.94,0.6471764328634045
194.04,0.2741338483419667
194.14,nan
194.23999999999998,0.8760435413467321
194.33999999999997,0.844528551412814
194.43999999999997,0.7183142078507148
194.53999999999996,0.45189487491531716
194.63999999999996,0.5265455023420702
194.73999999999995,0.5697300187261966
194.83999999999995,0.7235955226427975
194.93999999999994,1.2152606425566614
195.03999999999994,1.184143898974011
195.13999999999993,1.0896229942150955
195.23999999999992,0.8087213895735968
195.33999999999992,0.5971400272592748
195.4399999999999,0.26840345795292897
195.5399999999999,0.30889139516542485
195.6399999999999,0.48459551806311024
195.7399999999999,0.39430363695692355
195.8399999999999,0.4493523819898076
195.93999999999988,1.0573521446737733
196.03999999999988,1.0384491082627139
196.13999999999987,1.193377833802571
196.23999999999987,0.8419281046026315
196.33999999999986,1.1962084606684902
196.43999999999986,1.2729613543355984
196.53999999999985,1.0050243149690838
196.63999999999984,0.46500902645483183
196.73999999999984,0.7537197188115579
196.83999999999983,0.7517048877437184
196.93999999999983,0.4186438164015898
197.03999999999982,0.8525770856057564
197.13999999999982,0.8415516529867231
197.2399999999998,0.9634865032287732
197.95,1.2330569322998859
198.04999999999998,0.9339480107550182
198.14999999999998,0.643868325257172
198.24999999999997,0.5350781615305993
198.34999999999997,0.9266550064780301
198.44999999999996,0.6016245126134848
198.54999999999995,0.6699300022594606
198.64999999999995,0.8769735877936844
198.74999999999994,0.9202111320459287
200.35,nan
200.45,0.6849809736505936
200.54999999999998,0.7877574137253565
200.64999999999998,0.6987921853276249
200.74999999999997,0.6080890044106735
200.84999999999997,0.9464012622836858
200.94999999999996,0.9909784104648564
201.04999999999995,0.9720473313212069
201.14999999999995,1.1478824131862293
201.24999999999994,1.0500641868365903
201.34999999999994,1.1316766311991855
201.44999999999993,1.1798142787636592
201.54999999999993,1.1539210528474007
201.64999999999992,0.9146745521110238
201.74999999999991,1.2709571054010214
201.8499999999999,1.3292814314097725
203.03,1.2762474936097024
203.13,0.8960861105477433
203.23,0.7396964220197887
203.32999999999998,1.2578164875652473
203.42999999999998,0.018948150347343876
203.52999999999997,0.2619875214561566
203.62999999999997,1.2529770251242116
203.72999999999996,1.2358495506686171
205.88,1.3172900950760054
205.98,0.979411789689546
206.07999999999998,0.3562142734947679
206.17999999999998,1.1959642680373792
206.27999999999997,nan
206.37999999999997,nan
206.47999999999996,0.14752077283184395
206.57999999999996,nan
206.67999999999995,1.1905548262753918
206.77999999999994,1.1392535054473287
206.87999999999994,0.36218577565385357
206.97999999999993,0.5570385023997172
207.07999999999993,1.3458070723682167
207.17999999999992,1.2044704587929869
207.27999999999992,1.1197871584346273
207.3799999999999,0.8891526186562693
207.4799999999999,0.6702168233310398
207.5799999999999,1.0070724369798811
207.6799999999999,1.0286143816863738
207.7799999999999,1.0014604257187623
207.87999999999988,0.933675363019697
207.97999999999988,1.2556775855393247
208.07999999999987,1.1874412326688935
208.17999999999986,0.7989183998767889
208.27999999999986,0.9875587344778917
210.23,1.1195234505169225
210.32999999999998,0.8011374760299417
210.42999999999998,0.8364887150109708
210.52999999999997,0.712454073066267
210.62999999999997,0.4778019821464825
210.72999999999996,0.9972362178611689
210.82999999999996,0.908312230951772
210.92999999999995,0.7938582869580146
211.02999999999994,0.667475591563676
211.12999999999994,0.6387025842954815
211.22999999999993,0.7722115390031129
211.32999999999993,0.6749580033532517
211.42999999999992,0.9539484434996071
211.52999999999992,1.136709777276327
211.6299999999999,0.9321796956576206
211.7299999999999,1.146524758560715
211.8299999999999,0.9979844516114703
211.9299999999999,1.1717107202232822
212.0299999999999,1.1254193754358546
212.12999999999988,0.6814930645265234
212.22999999999988,0.9310489696927878
212.32999999999987,0.94241023261283
212.42999999999986,0.7199434130823286
212.52999999999986,1.0254292055241352
212.62999999999985,1.083491123531326
212.72999999999985,1.0671062560997722
212.82999999999984,0.8060057668577858
212.92999999999984,0.41996270574990013
213.02999999999983,1.3789217266280116
213.12999999999982,0.9691554977308148
213.22999999999982,1.153076746547557
213.3299999999998,1.178230696834793
213.4299999999998,0.7891085100283645
213.5299999999998,1.0957885712962439
213.6299999999998,1.4730572288646815
213.7299999999998,1.3393890849040855
213.82999999999979,1.1884186790109308
213.92999999999978,1.1171317746139253
214.1,1.0009925766024816
214.2,0.879909275211352
214.29999999999998,nan
214.39999999999998,nan
214.49999999999997,0.7381087510863157
214.59999999999997,0.7816660296360133
214.69999999999996,0.8832158413753877
214.79999999999995,0.8748763253338144
214.89999999999995,0.973416502615601
214.99999999999994,nan
215.09999999999994,0.5172967904131748
215.19999999999993,0.5571178891646997
215.29999999999993,0.6263016706642642
215.39999999999992,0.4257882770289424
215.49999999999991,0.7872393920185937
215.5999999999999,0.9812775412946555
215.6999999999999,1.1426322748902604
215.7999999999999,0.9159843397212492
215.8999999999999,0.4964522733796685
215.9999999999999,0.6289336547477808
216.09999999999988,nan
216.19999999999987,0.591240241364167
216.29999999999987,nan
216.39999999999986,nan
216.49999999999986,0.8008115269524589
216.59999999999985,1.1715877235659506
216.69999999999985,1.0781423649274482
216.79999999999984,0.8941614247575153
216.89999999999984,0.37785036922709436
216.99999999999983,1.1911693742974556
217.09999999999982,1.4264022552302678
217.19999999999982,1.400687619586581
217.2999999999998,1.4706146956358443
217.3999999999998,1.25389272803038
217.4999999999998,0.9890613383337484
217.5999999999998,0.7543051464653208
217.6999999999998,0.7296960660510363
217.79999999999978,1.0814426252742362
217.89999999999978,0.8186010403195586
217.99999999999977,1.081882179498107
218.09999999999977,0.741495483229584
218.19999999999976,1.1357763813772277
218.29999999999976,0.9779970855336062
218.39999999999975,0.5452199334441292
218.49999999999974,0.682253776848901
218.59999999999974,1.3010559437530829
218.69999999999973,0.7740590996685696
218.79999999999973,0.6959997983851398
218.89999999999972,1.1862750848966583
218.99999999999972,1.231071235360117
219.0999999999997,0.8471104442128127
219.1999999999997,0.9408187744650831
219.2999999999997,1.1142168602409872
219.3999999999997,1.3604720586670935
219.4999999999997,0.6419317246110856
219.59999999999968,0.9440537353716082
219.69999999999968,1.0163063666508532
219.79999999999967,0.9714365524860282
219.89999999999966,1.1806826398419636
219.99999999999966,1.0075107981189058
220.09999999999965,0.8049206495278638
220.19999999999965,1.0442991822483874
220.29999999999964,0.8292030115107337
220.39999999999964,0.8990575913480481
220.49999999999963,0.9685754690697728
220.59999999999962,0.8706071458368052
220.69999999999962,0.6477316008082967
220.7999999999996,1.1725100015015741
220.8999999999996,1.4165893905805866
220.9999999999996,0.6058277633893174
221.0999999999996,0.36759521113041077
221.1999999999996,nan
221.29999999999959,0.7230610672723911
221.39999999999958,0.4558095866057326
221.49999999999957,1.43399327944949
221.59999999999957,1.3799606245960834
221.69999999999956,1.1483730793733353
222.56,1.106056457921641
222.66,0.8950864984670434
222.76,0.626015177575347
222.85999999999999,1.1181173316585624
222.95999999999998,1.2639563375181182
223.05999999999997,0.8151437353373745
223.15999999999997,0.955482275274095
223.25999999999996,0.9028987707734367
223.35999999999996,0.00821632588463741
224.71,1.0649902806454685
224.81,1.1942912443296
224.91,0.9637604381300634
225.01,1.019050143445508
225.10999999999999,1.238415700394481
225.20999999999998,0.8601226218143373
225.30999999999997,0.8021384028720497
225.40999999999997,1.1369332517202937
225.50999999999996,1.0600201594438807
225.60999999999996,1.2435585920770444
227.96,1.1559436085343873
228.06,0.8275839680331002
228.16,0.5417536360560389
228.26,0.8321917774836933
228.35999999999999,1.033009971481434
228.45999999999998,0.9491889754052268
228.55999999999997,0.48546782424745216
228.65999999999997,0.6359981713307992
228.75999999999996,0.8669868268460312
228.85999999999996,0.8748084508272332
228.95999999999995,0.8459839222617057
229.05999999999995,nan
229.15999999999994,0.36867938243645626
229.25999999999993,0.619312970772601
229.35999999999993,nan
229.45999999999992,0.4634022069562045
229.55999999999992,0.6196754720801803
229.6599999999999,0.7672631402276736
229.7599999999999,0.7435815224301049
229.8599999999999,0.46115299319083664
229.9599999999999,0.42248412331583435
230.0599999999999,0.7494732734745594
230.15999999999988,0.7250496575243197
230.25999999999988,0.5435415120276774
230.35999999999987,0.5783444956312275
230.45999999999987,0.39211799435047995
230.55999999999986,1.0240559849630488
231.17,1.1976790882501405
231.26999999999998,0.7351147105394847
231.36999999999998,0.7842835954552871
231.46999999999997,1.1907963102078163
231.56999999999996,0.9394526893098646
231.66999999999996,0.6945157871189613
231.76999999999995,0.7907678267170802
231.86999999999995,0.5500767283706652
231.96999999999994,0.7341781639342666
232.06999999999994,0.9590424824454037
232.16999999999993,0.9777809655031289
232.26999999999992,0.6966784276168962
232.36999999999992,0.9495623638909781
235.88,1.1427761103134917
235.98,0.6881725276065924
236.07999999999998,0.3297269487851772
236.17999999999998,0.3646877009724889
236.27999999999997,0.6335571346886669
236.37999999999997,0.790080384875185
236.47999999999996,1.0275987575684185
236.57999999999996,0.9512925748680345
236.67999999999995,0.32765886540067296
236.77999999999994,0.44324603670107204
236.87999999999994,nan
236.97999999999993,0.7077382711479484
237.07999999999993,0.7693683123342353
237.17999999999992,1.2122935856810186
237.27999999999992,0.6842745844984922
237.47,0.6587927601461835
237.57,0.8827173176526325
237.67,nan
237.76999999999998,nan
237.86999999999998,0.6870733178311689
237.96999999999997,0.9492396301797019
238.06999999999996,0.39145020822850213
238.16999999999996,0.7616794474138826
238.26999999999995,0.6386024892521945
238.36999999999995,0.768457735334205
238.46999999999994,0.8396214122360776
238.56999999999994,0.6353633675114849
238.66999999999993,0.8761311338674462
238.76999999999992,0.8893760240349939
238.86999999999992,0.8162015893493086
238.9699999999999,1.0117460320565765
239.0699999999999,1.0045150607831879
239.1699999999999,0.6259936282533138
239.2699999999999,0.9172126510310845
239.3699999999999,0.7183913066337106
239.46999999999989,0.8017518605105572
239.56999999999988,0.849036802752913
239.66999999999987,1.0152013509007545
239.76999999999987,1.2213602817963993
239.86999999999986,0.7008525881307246
239.96999999999986,0.9361760766867222
240.06999999999985,0.9628511205437588
240.16999999999985,0.8497144877394648
240.26999999999984,0.826049650506445
241.06,1.1506652369104793
241.16,0.8470154589141426
241.26,0.6665888728159143
241.35999999999999,0.521591372670628
241.45999999999998,0.9400785329434402
241.55999999999997,1.1725177565618217
241.98,0.6770485636102117
242.07999999999998,1.1409620724495788
242.17999999999998,1.0099597853903906
242.27999999999997,0.758138659964302
242.37999999999997,0.34037000116520527
242.47999999999996,1.0513809006734085
242.57999999999996,1.2762269828653627
242.67999999999995,1.3269345278766063
242.77999999999994,0.6328386842251359
242.87999999999994,0.9448973065220332
242.97999999999993,0.7485668388531236
243.07999999999993,0.6043860862366707
243.17999999999992,0.7525235142424408
243.27999999999992,1.1208237289234484
243.3799999999999,1.1986984528498426
243.4799999999999,0.7830455829534303
243.5799999999999,0.7803901460649096
243.6799999999999,1.180171786114714
243.7799999999999,0.747660963735947
243.87999999999988,0.8979630990884571
243.97999999999988,0.4726377983466409
244.07999999999987,0.8853208924498815
244.17999999999986,1.0442375704356344
244.27999999999986,1.0929469514092058
244.37999999999985,0.505745474899771
244.47999999999985,0.405671172896527
244.57999999999984,0.3027606821418609
244.67999999999984,0.2884864417941955
244.77999999999983,nan
244.87999999999982,0.13674993852830983
244.97999999999982,nan
245.0799999999998,0.5223665662618867
245.1799999999998,0.7934407974714229
245.2799999999998,1.0908934768624916
245.3799999999998,0.9623612092027044
245.4799999999998,0.7458141405493715
245.57999999999979,nan
245.67999999999978,nan
245.77999999999977,0.7368662650627804
246.23,1.1956621497253621
246.32999999999998,0.8247879705136224
246.42999999999998,0.9403963529576208
246.52999999999997,0.7717034341811312
246.62999999999997,0.8810246055237981
246.72999999999996,0.7581366610054834
246.82999999999996,nan
246.92999999999995,0.44589597038776285
247.02999999999994,0.6916655036089455
247.12999999999994,0.8214903834157459
247.22999999999993,0.9301405553560242
247.43,1.0541187937600098
247.53,0.6255165234785163
247.63,0.8078677906065813
247.73,0.5972032351030373
247.82999999999998,0.2649935047195903
247.92999999999998,1.2085088584043584
248.02999999999997,0.9235936149573435
248.12999999999997,0.6321937343238575
248.22999999999996,0.335601193800311
248.32999999999996,0.6596669589883901
248.42999999999995,0.38021916655895144
248.52999999999994,1.1358024609140118
248.62999999999994,0.8424259079415936
248.75,0.8773723708417365
248.85,1.0867249387451174
248.95,0.45281864482461964
249.04999999999998,0.41958461458617147
249.14999999999998,0.8077170217186223
249.24999999999997,0.966115553273355
249.82,1.088707313492997
249.92,0.6963666834355656
250.01999999999998,0.3063992456851334
250.11999999999998,0.39630275321344915
250.21999999999997,0.4755794457554677
250.31999999999996,1.007419448724073
250.41999999999996,0.8781391143741222
250.51999999999995,1.106895555925757
250.61999999999995,0.6973471109461505
250.71999999999994,0.765490429589615
250.81999999999994,0.667197297282516
250.91999999999993,0.9294343523057768
251.01999999999992,0.7244687341541839
251.11999999999992,0.42026670400012667
251.2199999999999,0.7542943702248072
251.3199999999999,0.7379857354025492
251.4199999999999,nan
251.5199999999999,0.4941073092741824
251.6199999999999,0.6801769372462939
251.71999999999989,0.7257136514233941
251.81999999999988,0.9662657030820833
251.91999999999987,0.7652733453173594
252.01999999999987,0.8528417357129239
252.11999999999986,nan
252.21999999999986,0.561993699715473
252.31999999999985,0.33607173191007006
252.41999999999985,0.881584255263382
252.51999999999984,0.7923476880096615
252.61999999999983,0.25798131145103936
252.71999999999983,0.9151202889620887
253.24,0.8266263533184627
253.34,0.8052011344087189
253.44,0.7556030142241487
253.54,0.30581279462251604
253.64,0.8721024319191988
253.73999999999998,0.7857534154595316
253.83999999999997,0.819221667791162
253.93999999999997,0.4862646233634295
254.03999999999996,0.9583350068882177
254.13999999999996,0.5629954608963936
254.23999999999995,1.0824193114592966
254.33999999999995,1.0721923334597765
254.43999999999994,1.1687632436838178
254.53999999999994,1.019763931752706
254.63999999999993,0.9124152717164624
254.73999999999992,0.7256665689023617
254.83999999999992,0.6869387562134958
254.9399999999999,0.6217895438501582
255.0399999999999,0.948899654350612
255.1399999999999,1.3037461027061379
255.2399999999999,0.504769568550412
255.3399999999999,0.5595215865699933
255.43999999999988,nan
255.53999999999988,0.60339253550018
255.63999999999987,0.9805936949921724
255.73999999999987,1.0359965860489775
255.83999999999986,0.8643783950083747
255.93999999999986,0.8514618414840629
256.03999999999985,1.1725353815079953
256.1399999999999,0.8861466807905516
256.23999999999984,0.6860282185455617
256.3399999999998,0.8233634041140098
256.4399999999998,1.2276696757760888
256.53999999999985,0.9794737078433798
256.6399999999998,0.9783403279865983
256.7399999999998,1.0939706690195903
256.8399999999998,0.8280709285304557
256.9399999999998,1.0169858420876674
257.0399999999998,0.9553638875529278
257.13999999999976,1.043071405758567
257.2399999999998,0.897655579467152
257.3399999999998,0.8986886673342016
257.43999999999977,1.0508910954400803
257.53999999999974,0.9712979821303432
257.63999999999976,1.043806053929117
257.7399999999998,0.8333452334138104
257.83999999999975,1.0770234015893847
257.9399999999997,0.8641400772550959
258.03999999999974,0.9232398677314705
258.13999999999976,0.8912237061370931
258.2399999999997,1.165748279815223
258.3399999999997,1.083504601890924
258.4399999999997,1.1310351177542945
258.53999999999974,0.0708313854412179
258.6399999999997,0.7271565404108827
258.73999999999967,0.9263776840566531
258.8399999999997,1.1865576146684418
258.9399999999997,0.9747590167791261
259.0399999999997,1.1450426543059473
259.13999999999965,1.3462401338749266
259.23999999999967,1.0046454840590573
259.3399999999997,0.9380258671039978
259.43999999999966,0.6382828998499956
259.5399999999996,1.1706641306049999
259.63999999999965,0.9409845274770928
259.73999999999967,0.7967374114516772
259.83999999999963,0.2661607203806644
259.9399999999996,0.5795296017288222
260.0399999999996,1.1774610408277764
260.13999999999965,1.0239871006866765
260.2399999999996,0.8466951302948865
260.3399999999996,0.8770401951326209
260.4399999999996,0.7489300594311393
260.5399999999996,0.7898780822367154
260.6399999999996,0.8695673131755041
260.73999999999955,1.086197419448862
260.8399999999996,1.0581910648268544
260.9399999999996,1.0548077403401226
261.03999999999957,1.1923008079541697
261.13999999999953,1.1343616091997015
261.23999999999955,1.0759909864766546
261.3399999999996,1.197697762787688
261.43999999999954,1.1617245369413884
261.5399999999995,1.3063295856040456
261.63999999999953,1.2641768256234551
261.73999999999955,1.279477600544611
261.8399999999995,1.0332093388171073
261.9399999999995,1.2570165383406489
262.0399999999995,1.3013255169265925
262.13999999999953,1.166074418852529
262.2399999999995,1.1781434632330436
262.33999999999946,1.0548853215233165
262.4399999999995,1.0398508862124127
262.5399999999995,1.359475222376667
262.6399999999995,0.9892346063279936
262.73999999999944,0.6057101808727156
262.83999999999946,0.9776936022603696
262.9399999999995,0.8452114811252274
263.03999999999945,0.7284789475181794
270.84,0.1437662986864967
270.94,0.7701298819504099
271.04,1.0385494022364559
271.14000000000004,0.9122431195426476
271.24000000000007,0.7080644535291957
271.3400000000001,0.8934776691166746
271.4400000000001,0.935890387698979
271.54000000000013,0.8784936147478664
271.64000000000016,1.179072531672904
274.32,1.06000781216542
274.42,0.7497331560738149
274.52000000000004,0.10429180467331468
274.62000000000006,nan
274.7200000000001,0.4976806866721432
274.8200000000001,nan
274.92000000000013,0.58143780769208
275.02000000000015,0.44964325127162263
275.1200000000002,0.5860579767117959
277.16,1.0387425337162834
277.26000000000005,0.720502362522777
277.36000000000007,0.8595738421547533
277.4600000000001,1.0834030014449565
277.5600000000001,0.776128088115289
277.66000000000014,0.8543880867146675
277.76000000000016,0.9727730182698444
277.8600000000002,1.003046458688009
277.9600000000002,0.694542169895727
278.17,0.9019901102064269
278.27000000000004,0.5963208749810376
278.37000000000006,0.7479013973659596
278.4700000000001,0.9260354147116472
278.5700000000001,0.4909554110670531
278.67000000000013,0.5304066665883476
278.77000000000015,0.9635931698123751
278.8700000000002,0.8053723892077532
278.9700000000002,0.8776486954495786
279.0700000000002,0.940182286833707
279.17000000000024,1.0059101642502142
279.27000000000027,0.8654723787676087
279.3700000000003,0.5561526095494779
279.4700000000003,0.6646851254838662
279.57000000000033,0.4255351716435947
279.67000000000036,0.9611594912247465
279.7700000000004,0.7641934891749264
279.8700000000004,0.6337119451780048
279.9700000000004,0.9835493927938546
280.07000000000045,0.9174786284656946
280.17000000000047,1.0928372780381121
280.2700000000005,1.1253422495303524
280.3700000000005,0.750743709868614
284.43,0.9220089767599167
284.53000000000003,0.7052103216814682
284.63000000000005,0.6580377968094514
284.7300000000001,0.8826681521781904
284.8300000000001,0.8712941439068818
284.9300000000001,0.7546639621625778
285.03000000000014,1.2117907146384412
285.13000000000017,1.1112486767823369
285.2300000000002,1.0889839077035897
285.3300000000002,0.8141946711275747
285.43000000000023,0.9744570699384753
286.3,0.5006854316463238
286.40000000000003,0.8159567986407897
286.50000000000006,0.49739824298664054
286.6000000000001,0.7072333262099889
286.7000000000001,0.7211713073595303
286.8000000000001,0.6886986094998314
286.90000000000015,0.8148622769079328
287.00000000000017,0.9089616378851035
287.1000000000002,1.0506632195481116
287.2000000000002,1.1389784743858817
287.48,1.1210880982779752
287.58000000000004,0.9482155593309362
287.68000000000006,0.9798120741138
287.7800000000001,0.6963716424908587
287.8800000000001,0.6357682934189712
287.98000000000013,0.9020580776766469
288.08000000000015,0.9390334679003767
288.1800000000002,0.9796094340384313
288.2800000000002,0.9977852260132696
288.3800000000002,1.1280037100314577
288.48000000000025,1.0224547073599897
288.58000000000027,1.1197998308242527
288.6800000000003,0.6877242960823204
288.7800000000003,0.676703002456443
291.42,0.6159153852791427
291.52000000000004,0.6710375430408477
291.62000000000006,0.33904341441776753
291.7200000000001,0.53724432580776
291.8200000000001,1.207322549742144
291.92000000000013,0.8331003535081103
292.02000000000015,0.470922445226761
292.1200000000002,0.75575615852104
292.2200000000002,1.114554617259349
292.3200000000002,0.8252363473553659
292.42000000000024,0.8892581312418283
292.52000000000027,0.8985517575427949
292.6200000000003,0.8348717539573277
292.7200000000003,0.9821577358713691
292.82000000000033,0.7567475639976191
292.92000000000036,0.83263585951238
293.0200000000004,1.2622043626357997
293.1200000000004,1.1618967200339705
293.2200000000004,1.208166578353067
293.32000000000045,1.1295326891156248
293.42000000000047,1.3988770211973545
293.5200000000005,1.277664312069852
293.6200000000005,1.0881939222591517
293.92,1.0385996782426035
294.02000000000004,0.7014391248373913
294.12000000000006,1.107698447266304
294.2200000000001,0.914588993980927
294.3200000000001,0.3925063973278555
294.42000000000013,0.9282803948521318
294.52000000000015,0.6568122769389182
294.6200000000002,0.8087796496119366
294.7200000000002,1.129644410015472
294.8200000000002,0.7974125490502197
294.92000000000024,0.7781467831900423
295.02000000000027,0.8463448914830818
295.1200000000003,0.9454407140651649
295.2200000000003,0.41678593047644197
295.32000000000033,0.9041259644215542
295.42000000000036,1.1581038491618434
295.5200000000004,0.7992118515645635
295.6200000000004,1.059912668311545
295.7200000000004,0.6087187545132996
295.82000000000045,0.5772419295642849
295.92000000000047,0.7527021783948512
296.0200000000005,1.3710602859108445
296.1200000000005,1.0986096738002618
296.22000000000054,1.3526679855674144
297.1,1.4017067488760178
297.20000000000005,1.2658002563373911
297.30000000000007,0.6802409407841082
297.4000000000001,1.2779987591619948
297.5000000000001,1.461067772960845
