0.048,1.4826567297472837
0.14800000000000002,1.264754595290102
0.24800000000000005,1.0557462309011492
0.34800000000000003,0.5841089217465897
0.44800000000000006,0.3834659016323539
0.5480000000000002,0.5987787848851125
0.6480000000000001,nan
0.7480000000000002,0.513826114970319
0.8480000000000002,1.2478811521426751
0.9480000000000002,1.1520321736430346
1.0480000000000003,1.2697216280412666
1.1480000000000004,1.204982773069174
1.2480000000000002,nan
1.3480000000000003,0.5822813745206527
1.4480000000000004,1.008830717560351
1.5480000000000003,1.0563372662387258
1.6480000000000004,0.9975832546701088
1.7480000000000004,0.6470951580177785
1.8480000000000003,0.8940585839190436
1.9480000000000004,1.2202853273481662
2.0480000000000005,1.1186265723602133
2.1480000000000006,1.2902145975425723
2.2480000000000007,1.3565338921913996
2.3480000000000003,1.5532862480821266
2.4480000000000004,1.6869537791797786
2.5480000000000005,1.0162326885725972
2.6480000000000006,0.9957577084546091
2.7480000000000007,1.0673292632846731
2.8480000000000008,0.7857850708774337
2.9480000000000004,0.9983690567945708
3.0480000000000005,0.8803664207406701
3.1480000000000006,0.7192112687887616
3.2480000000000007,0.6316746748054201
3.3480000000000008,0.4669888195985592
3.448000000000001,0.8320513704219318
3.548000000000001,0.6356634095322903
3.6480000000000006,1.1180584273158722
3.7480000000000007,1.284901401678862
3.8480000000000008,0.9739469683188074
3.948000000000001,1.2304567950341538
4.048000000000001,1.0429967818490165
4.148000000000001,1.1274542501742526
4.248000000000001,0.7590223443020858
4.348000000000001,1.2016881234424859
4.448000000000001,1.2993443507963043
4.548000000000001,1.2739852199047612
4.648000000000001,0.9544425461789526
4.748000000000001,1.2467885922033508
4.848000000000001,0.9100237262878489
4.948000000000001,0.7633608393810003
5.048000000000001,1.0871884746234373
5.1480000000000015,0.8599438493946356
5.248000000000001,1.2747295809610055
5.348000000000001,0.995935420829047
5.448000000000001,nan
5.548000000000001,0.2525978909747832
5.6480000000000015,0.39702256077751064
5.748000000000001,nan
5.848000000000001,0.8079609436539562
5.948000000000001,1.0016050514050252
6.048000000000001,1.0358661003320018
6.1480000000000015,0.7564246962058057
6.248000000000001,1.1439554140959751
6.348000000000002,1.0573846218446952
6.448000000000001,0.910521249224859
6.548000000000001,0.542154293857746
6.6480000000000015,nan
6.748000000000001,0.546420559809812
6.848000000000002,0.8332279423271107
6.948000000000001,1.2623570328394425
7.048000000000002,1.146425141335068
7.1480000000000015,1.1467139661018364
7.248000000000001,0.4473096097930935
7.348000000000002,nan
7.448000000000001,0.7202770900650556
7.548000000000002,1.2877459146709092
7.6480000000000015,1.407665525295327
7.748000000000001,0.2184756222512308
7.848000000000002,1.1756280320847607
7.948000000000001,1.3604955104654237
8.048000000000002,0.7697598248763885
8.148000000000001,nan
8.248000000000001,nan
8.348000000000003,0.9842510755242714
8.448000000000002,1.568358523511728
8.548000000000002,0.8688828081259469
8.648000000000001,0.7811132003040079
8.748000000000001,0.7707423086713872
8.848000000000003,0.9295307128666825
8.948000000000002,0.8737503460703759
9.048000000000002,0.45274340658219436
9.148000000000001,0.7360421770534389
9.248000000000001,0.5138751721057118
9.348000000000003,0.34203371650980036
9.448000000000002,0.6081489290726991
9.548000000000002,nan
9.648000000000001,1.1342203260996533
9.748000000000001,1.5458580179756645
9.848000000000003,0.6495646660005759
9.948000000000002,0.49560367607327344
10.048000000000002,0.7921478582925269
10.148000000000001,0.8859388048923491
10.248000000000003,1.529326194618916
10.348000000000003,1.4154804102044778
10.448000000000002,nan
10.548000000000002,0.3010759583643321
10.648000000000001,0.5207559115576612
10.748000000000003,0.6972627860741577
10.848000000000003,0.664972998391383
10.948000000000002,nan
11.048000000000002,0.8846717190017034
11.148000000000001,1.6031600159248454
11.248000000000003,1.0957472706878755
11.348000000000003,1.0083154351012675
11.448000000000002,0.6376163329389779
11.548000000000002,0.6983225470109167
11.648000000000001,1.3588337770801129
11.748000000000003,0.632137532075504
11.848000000000003,0.1423546536868332
15.248,1.0547452998229057
15.347999999999999,0.702520536888267
15.447999999999999,0.3685843435677643
15.547999999999998,0.9157448524199407
15.647999999999998,1.1117710342222455
15.747999999999998,0.35832572809006685
15.847999999999997,0.7291722265323477
15.947999999999997,0.42680432777295907
16.047999999999995,nan
16.147999999999996,0.38399144048296197
16.247999999999998,0.8377011164895873
16.347999999999995,0.6755678502023866
16.447999999999993,1.0667818678183345
16.547999999999995,0.7366417436267931
16.647999999999996,0.6906306245425857
16.747999999999994,1.4216012182745372
16.847999999999992,0.807850455401433
16.947999999999993,0.43836475218131654
17.047999999999995,1.1358003968698593
17.147999999999993,1.3768075649225964
17.24799999999999,1.286744368156766
17.347999999999992,0.5980107047837511
17.447999999999993,1.0895927601446367
17.54799999999999,1.536268114899513
20.16,1.5062792963788507
20.26,0.37014607633321933
20.360000000000003,1.2330775688000328
20.460000000000004,1.4121118761631004
20.560000000000006,0.39075780588539166
20.660000000000007,0.33855309486865187
20.76000000000001,0.24618917073769742
20.86000000000001,0.3635142647477103
20.96000000000001,0.3830906548057129
21.060000000000013,0.2841484085264516
21.160000000000014,nan
21.260000000000016,nan
21.360000000000017,0.3487041863926816
21.46000000000002,0.9515814991968798
21.56000000000002,0.8621744110788018
21.66000000000002,0.6938655512463514
21.760000000000023,1.1861145188097675
21.860000000000024,0.8644143972158023
21.960000000000026,1.02530831093577
22.060000000000027,nan
22.16000000000003,0.29609489005247763
22.26000000000003,nan
22.36000000000003,0.5431816477938481
22.460000000000033,0.5147272127659123
22.560000000000034,0.37961443127761846
22.660000000000036,nan
22.760000000000037,0.42341827764506523
22.86000000000004,0.5506587900572713
22.96000000000004,nan
23.06000000000004,0.5296631441484668
23.160000000000043,nan
23.260000000000044,0.8075922343719353
23.360000000000046,0.6800960197535146
23.460000000000047,1.3536177311061774
24.528,1.0079975748305683
24.628,0.6489697868655654
24.728,0.41655366706499747
24.828000000000003,0.41695635782699414
24.928000000000004,0.5088405361497019
25.028000000000006,0.9699124877783577
25.128000000000007,1.2668226065598625
25.22800000000001,1.638064732588736
25.32800000000001,1.2328259238434662
25.42800000000001,1.236638224531495
25.528000000000013,0.7860421088558606
25.628000000000014,0.4203172389478597
25.728000000000016,0.46112812309840356
25.828000000000017,nan
25.92800000000002,1.0058270754403282
26.02800000000002,1.0101731529942626
26.12800000000002,0.8335608712525506
26.228000000000023,0.9959135769198241
27.632,1.3218776790088518
27.732000000000003,0.5034964064811218
27.832000000000004,0.8766448186702496
27.932000000000006,nan
28.032000000000007,0.2481186602081805
28.13200000000001,0.8133371646893448
28.23200000000001,1.6726150717214
28.33200000000001,1.1106621065487194
28.432000000000013,0.6205042627595718
28.532000000000014,0.676531955423928
28.632000000000016,nan
28.732000000000017,nan
28.83200000000002,0.6632615440633209
28.93200000000002,0.8649279749784273
29.03200000000002,0.8560997954304285
29.132000000000023,0.43810984552496407
29.232000000000024,1.287851429376903
29.332000000000026,1.413125368804757
29.432000000000027,0.8675953900889173
29.53200000000003,1.054705269759586
29.63200000000003,0.8154900512159148
29.73200000000003,0.47144567075594074
29.832000000000033,0.4925890435691915
29.932000000000034,0.5737671326868511
30.032000000000036,0.15869426107427884
30.132000000000037,0.9655216291872509
30.23200000000004,1.403423842817808
30.33200000000004,0.997618561568305
30.43200000000004,1.2630441359558773
30.532000000000043,0.6409852222408073
30.632000000000044,nan
30.732000000000046,0.5771210103633646
30.832000000000047,1.0750324345229454
30.93200000000005,1.5709526988299511
31.03200000000005,0.3469384987736054
31.13200000000005,0.8588376542065042
31.232000000000053,0.30181139469362994
31.332000000000054,0.19632483128790879
31.432000000000055,1.2738094308689785
31.532000000000057,1.3119453199327078
31.63200000000006,1.2509502326545219
31.73200000000006,0.907731950915212
31.83200000000006,1.0025957529538934
31.932000000000063,1.4548209638457332
32.03200000000007,0.9718814580715807
32.13200000000006,0.16328658855583925
32.23200000000007,0.16197224842243768
32.332000000000065,0.2662715706694318
32.43200000000007,0.18134248690383184
32.53200000000007,0.27399200129861373
32.632000000000076,0.6849331180060263
32.73200000000007,0.8776825405999511
32.83200000000008,0.24615129645157227
32.93200000000007,0.29231018362778916
33.03200000000008,1.2601298895207242
33.132000000000076,0.816336079993441
33.232000000000085,1.2089298706318177
33.33200000000008,1.2916657393607032
33.43200000000009,0.595556744490889
33.53200000000008,0.2954720496828787
33.63200000000009,0.6307851681670391
33.732000000000085,0.08709505338613201
33.83200000000009,0.9004021773865173
33.93200000000009,0.6622549178828548
34.032000000000096,0.9033586166258653
34.13200000000009,0.9232778601044377
34.2320000000001,0.420195219649466
34.33200000000009,0.8566852726116481
34.4320000000001,1.1295506190177902
34.532000000000096,1.2306762360923797
34.632000000000104,0.9207288258101579
34.7320000000001,0.7133881932685974
34.83200000000011,1.3200370690389782
34.9320000000001,1.2427149972487008
35.03200000000011,0.2183349063638104
35.132000000000104,0.8260430541157966
35.23200000000011,0.8735817723775873
35.33200000000011,0.5728085045796463
35.432000000000116,0.759385305945937
35.53200000000011,1.1077367911156533
35.63200000000012,1.1555408883104705
35.73200000000011,0.8080141521413486
35.83200000000012,0.47226677708260734
35.932000000000116,0.9837789057125794
36.032000000000124,0.5956341454117108
36.13200000000012,0.791642025885752
36.23200000000013,0.7096290791358821
36.33200000000012,0.6495877906609506
36.43200000000013,0.7840574396679708
36.532000000000124,0.8756762597026178
36.63200000000013,0.888146460797795
36.73200000000013,1.0627186739216563
42.512,0.3623568238084604
42.612,0.192952194534589
42.712,0.15453141007457838
42.812000000000005,0.2100006152618837
42.912000000000006,0.3031385438936729
43.01200000000001,1.0606142539680574
43.11200000000001,0.9520072506995855
43.21200000000001,nan
43.31200000000001,0.5066758450560637
43.41200000000001,nan
43.512000000000015,nan
43.612000000000016,0.357340927157224
43.71200000000002,1.1798302407064263
43.81200000000002,1.4588451696038143
43.91200000000002,1.431891734012265
44.01200000000002,1.0727114052346187
44.11200000000002,1.2734973692956937
44.212000000000025,1.1043707518669565
44.312000000000026,1.6222405902275423
44.41200000000003,0.5616339564397593
44.51200000000003,0.23638368764659756
44.61200000000003,0.8469976096300644
44.71200000000003,1.197818642161665
44.912,0.17564113204318274
45.012,0.2701296464378755
45.112,0.23735169461117642
45.212,0.1498113603887875
45.312000000000005,0.17709099272791584
45.412000000000006,0.20055944386858476
45.51200000000001,1.1810280210624833
45.61200000000001,1.4521737768435603
45.71200000000001,1.3880337768729278
45.81200000000001,0.4151274483516983
45.91200000000001,0.49551692215991067
46.012000000000015,0.518648278798022
46.112000000000016,0.7574650523909242
46.21200000000002,0.5117968924840905
46.31200000000002,0.7338985497516752
46.41200000000002,1.183451458239175
46.51200000000002,nan
46.61200000000002,0.42738484699690865
46.712000000000025,0.4856206702931153
46.812000000000026,nan
46.91200000000003,1.077807996279217
47.01200000000003,1.216681072391343
47.11200000000003,0.7551318957048214
47.21200000000003,nan
47.31200000000003,nan
47.412000000000035,0.35112592996393527
47.512000000000036,0.12527807124741885
47.61200000000004,0.7191740576737569
47.71200000000004,1.0224971274762622
47.81200000000004,0.5604386631384856
47.91200000000004,1.1317878865488227
48.01200000000004,1.2599020114992665
48.112000000000045,1.0558953697746598
48.212000000000046,0.7495040694790903
48.31200000000005,0.9514895031434335
48.41200000000005,0.49697126622916554
48.51200000000005,0.8803020908999868
48.61200000000005,0.5297299651447622
48.71200000000005,0.5110713999816748
48.812000000000054,1.089861159794028
48.912000000000056,1.5441786193747211
49.01200000000006,1.0269380992120625
49.11200000000006,1.0961006450895727
49.21200000000006,0.6549103442750454
49.31200000000006,0.27349561857387095
49.41200000000006,0.6911356903194069
49.512000000000064,nan
49.612000000000066,0.5647120238640114
49.71200000000007,0.524067865162323
49.81200000000007,0.880831103446004
49.91200000000007,1.1557715656139174
50.01200000000007,1.4390019390001718
50.11200000000007,1.141039946895293
50.212000000000074,0.2299683308944186
50.312000000000076,0.2519524992750906
50.41200000000008,0.22122744736234853
50.51200000000008,0.6037094520561136
50.61200000000008,1.2826115032280185
50.71200000000008,1.4435162309880352
50.81200000000008,0.9311084116721757
50.912000000000084,0.8268492608982992
51.012000000000086,0.27812552514687205
51.11200000000009,0.6511572803463633
51.21200000000009,1.228356234424458
51.31200000000009,1.5636395378174055
51.41200000000009,0.9714843221187299
51.51200000000009,0.6452276595358599
51.612000000000094,1.332000419633714
51.712000000000096,0.5647762266400224
51.8120000000001,1.000303590222932
51.9120000000001,1.4981847115406899
52.0120000000001,1.2060555117494811
52.1120000000001,0.5540540780295029
52.2120000000001,1.1317923105816554
52.312000000000104,1.0251840271595383
52.412000000000106,0.2967280606869982
52.51200000000011,0.59133226957458
52.61200000000011,1.3420893923352033
52.71200000000011,1.6466789534519697
52.81200000000011,0.5096447585235542
52.91200000000011,0.45200678429453073
53.012000000000114,1.3535238489459178
53.112000000000116,0.46669405511244194
53.21200000000012,0.6013605826187106
53.31200000000012,0.579892456833451
53.41200000000012,0.43547407748505074
53.51200000000012,0.9052705567378015
53.61200000000012,0.6263095887090049
53.712000000000124,0.5183345924997012
53.812000000000126,nan
53.91200000000013,0.23540143206290753
54.01200000000013,nan
54.11200000000013,nan
54.21200000000013,0.3177065999188608
54.31200000000013,0.8159292576890853
54.412000000000134,0.7056189961061692
54.512000000000135,0.4129703144891067
54.61200000000014,nan
54.71200000000014,nan
54.81200000000014,0.36467276666324655
54.91200000000014,nan
55.01200000000014,nan
55.112000000000144,0.6154556740881589
55.212000000000145,nan
55.31200000000015,nan
55.41200000000015,0.585590912582469
55.51200000000015,0.6255016158608679
55.61200000000015,0.6376193115820908
55.71200000000015,0.2802726236838628
55.812000000000154,0.20908105168422092
55.912000000000155,0.2712904353664531
56.01200000000016,nan
56.11200000000016,0.6943560798452056
56.21200000000016,0.11387856813161733
56.31200000000016,nan
56.41200000000016,0.5273933952088476
56.512000000000164,0.502231852727614
56.612000000000165,0.5294998046660109
56.71200000000017,nan
56.81200000000017,0.6421298018954408
56.91200000000017,0.19588990137753828
57.01200000000017,0.7615533216954439
57.11200000000017,0.567433322866008
57.212000000000174,0.1537293423926116
57.312000000000175,0.9894342600940031
57.41200000000018,1.0275861991392845
57.51200000000018,1.3846480998748119
57.61200000000018,1.4118594899464374
57.71200000000018,1.5824833100523437
57.81200000000018,0.7330840942666086
57.912000000000184,0.7558138671223181
58.012000000000185,0.9142103303260342
58.11200000000019,0.47629561907790946
58.21200000000019,0.3893763382592311
58.31200000000019,1.1302339812607072
58.41200000000019,1.4337699859365174
58.51200000000019,0.22226924162397965
58.612000000000194,0.8855423163427955
58.712000000000195,1.368082997098647
58.8120000000002,0.9777472737865099
58.9120000000002,0.18223906141668664
59.0120000000002,0.1399387332650473
59.1120000000002,0.21192962826706707
59.2120000000002,1.1154135253362256
59.312000000000204,0.41735741897387474
59.412000000000205,0.9553972160594507
59.51200000000021,nan
59.61200000000021,0.26156453014157
59.71200000000021,0.5368832132750526
59.81200000000021,0.5008427750793468
59.91200000000021,0.7981465522327705
60.012000000000214,1.3047191555427708
60.112000000000215,0.5452235815329323
60.21200000000022,0.4247386212887946
60.31200000000022,nan
60.41200000000022,nan
60.51200000000022,0.5591392316894369
60.61200000000022,0.44763063971635053
60.712000000000224,nan
60.812000000000225,nan
60.912000000000226,1.0466808269386438
61.01200000000023,1.0526743866020758
61.11200000000023,1.0608211403808905
61.21200000000023,1.4672651953112943
61.31200000000023,0.8769510270805086
61.41200000000023,0.45901865625124755
61.512000000000235,0.3976152968362869
61.612000000000236,0.978354369249586
61.71200000000024,1.2454786950140837
61.81200000000024,1.3879399834860366
61.91200000000024,1.0755107765716923
62.01200000000024,0.8451003202920159
62.11200000000024,0.2940193010585109
62.212000000000245,0.5015534582500785
62.312000000000246,0.9934770542249731
62.41200000000025,1.393680676548597
62.51200000000025,1.3705164476169083
62.61200000000025,1.4121001382695615
62.71200000000025,1.5323095487310512
62.81200000000025,0.5666751626758028
62.912000000000255,0.29487541472080686
63.012000000000256,0.39930002682999066
63.11200000000026,0.9433794005346454
63.21200000000026,1.6716206038959949
63.31200000000026,0.9622888132139193
63.41200000000026,1.6902200494016557
63.51200000000026,0.8669149162973566
63.612000000000265,0.8090078019782632
63.712000000000266,0.9237460025801927
63.81200000000027,1.2058045277454712
63.91200000000027,1.4167191670962853
64.01200000000027,1.3403683868377982
64.11200000000028,0.8113664874729182
64.21200000000027,0.32339932663472976
64.31200000000027,0.6421158198252102
64.41200000000028,0.16065575321423176
64.51200000000028,nan
64.61200000000028,0.8946012707904655
64.71200000000027,1.5878682205258716
67.648,1.562047041561199
67.74799999999999,1.4951341909121312
67.84799999999998,1.345550334991964
67.94799999999998,1.3412469947554098
68.04799999999997,1.0780408924347473
68.14799999999997,0.346921080196093
68.24799999999996,0.8632679304199716
68.34799999999996,1.113998752058732
68.44799999999995,0.6555293322502889
68.54799999999994,0.4628058639978856
68.64799999999994,0.639039352099125
68.74799999999993,0.7918901857765556
68.84799999999993,0.8171100268632794
68.94799999999992,1.029361505687415
69.04799999999992,nan
69.14799999999991,0.38647754415168734
69.2479999999999,0.9225731423585757
69.3479999999999,0.8839075093283053
69.4479999999999,1.3892927811495481
69.54799999999989,1.3951735729543004
69.64799999999988,0.9170601305849867
69.74799999999988,0.5889023745735749
69.84799999999987,nan
69.94799999999987,0.5511583585258045
70.04799999999986,0.5910565752029625
70.14799999999985,0.7232753780619139
70.24799999999985,0.8288897805610774
70.34799999999984,1.0382598546927961
70.44799999999984,0.7564947672831452
87.936,1.3351404636765483
88.036,1.1110735193412737
88.136,1.205639400395315
88.23599999999999,0.7809235243500552
88.33599999999998,nan
88.43599999999998,nan
88.53599999999997,nan
88.63599999999997,0.3559975946035001
88.73599999999996,0.7355761616387685
88.83599999999996,1.1179969638927798
88.93599999999995,0.7575370785188941
89.03599999999994,0.6062098751162942
89.13599999999994,0.9544096219720837
89.23599999999993,0.7047341321369216
89.33599999999993,0.34548577035384487
89.43599999999992,0.6861810366521848
89.53599999999992,0.3214522621742749
89.63599999999991,0.3738988365386165
89.7359999999999,0.7961868518571471
89.8359999999999,0.580887249766086
89.9359999999999,0.7166076068542946
90.03599999999989,0.6369419890704823
90.13599999999988,0.22189840066839625
90.23599999999988,nan
90.33599999999987,nan
90.43599999999986,nan
90.53599999999986,0.5925823789204455
90.63599999999985,0.7841459593594549
90.73599999999985,0.7535502962279067
90.83599999999984,0.904778161357481
90.93599999999984,1.2920533261245088
91.03599999999983,1.2990307144453315
91.13599999999983,0.7220152892472329
91.23599999999982,0.934225877078977
91.33599999999981,1.5104193769308019
91.43599999999981,1.4038808105158642
91.5359999999998,1.549517361908509
91.6359999999998,1.3787448295706852
91.73599999999979,1.194056063886105
91.83599999999979,0.7731884785495223
91.93599999999978,1.3645338223435526
92.03599999999977,0.21054583345453826
92.13599999999977,0.19552201115543819
92.23599999999976,nan
92.33599999999976,1.5450703985859746
92.43599999999975,1.5415536124083125
92.53599999999975,0.3203880811634743
92.63599999999974,0.15318816500323937
92.73599999999973,0.1896989366054455
92.83599999999973,0.14410617970357484
92.93599999999972,1.460853056345588
93.03599999999972,0.9209054555143388
93.13599999999971,1.2144088347296955
93.2359999999997,1.2645392930105122
93.3359999999997,1.1878864788646715
93.4359999999997,1.2051862227806653
93.53599999999969,1.6333047496954973
93.63599999999968,0.9517516775239235
93.73599999999968,0.7994490545335292
93.83599999999967,0.16773986527768955
93.93599999999967,0.5523584176899825
94.03599999999966,0.7905044668522628
94.13599999999965,0.7361660227498444
94.23599999999965,0.755648230267629
94.33599999999964,0.6493437441235917
94.43599999999964,nan
94.53599999999963,1.1095055420948279
94.63599999999963,0.7141395274208422
94.73599999999962,0.9076613810312915
94.83599999999961,0.6320129710169857
94.93599999999961,0.874579500245651
95.0359999999996,1.3787100156756222
95.1359999999996,0.9401852260202223
95.23599999999959,0.14458941365492262
95.33599999999959,0.17860739825352898
95.43599999999958,0.6969695396101884
95.53599999999958,0.3986768828601547
95.63599999999957,0.4822297748172329
95.73599999999956,1.3828841721209932
95.83599999999956,0.8880123130040003
95.93599999999955,1.355238213077031
96.03599999999955,1.3549649117853864
96.13599999999954,0.20230289791596212
96.23599999999954,0.3061051433295979
96.33599999999953,0.14850332334936392
96.43599999999952,0.8601592572174053
96.53599999999952,0.26031926440966796
96.63599999999951,0.20739708324837475
96.7359999999995,0.19320258215299782
96.8359999999995,0.9634454036503339
96.9359999999995,1.391080481084368
97.03599999999949,0.662997009916881
97.13599999999948,1.151107389576018
97.23599999999948,1.3518053948006536
97.33599999999947,0.9619963074610258
97.43599999999947,1.106718522192043
97.53599999999946,1.3493518918154466
97.63599999999946,1.184188282556292
97.73599999999945,1.3074304946342712
97.83599999999944,1.3407030030647071
97.93599999999944,0.7798039842313736
98.03599999999943,1.0158369146836164
98.13599999999943,0.8667256903170328
98.23599999999942,0.8574338745177351
98.33599999999942,1.3746739103857453
98.43599999999941,nan
98.5359999999994,0.9154182366939774
98.6359999999994,0.8110142289969532
98.7359999999994,0.6927022693222271
98.83599999999939,0.431081898654704
98.93599999999938,1.007824730495905
99.03599999999938,1.316249226554943
99.13599999999937,0.32397380973688183
99.23599999999936,0.21743073887859196
99.33599999999936,0.17662532137961362
99.43599999999935,0.17240972790499565
99.53599999999935,0.1392324453789851
99.63599999999934,0.18053233669132387
99.73599999999934,0.14006822340703495
99.83599999999933,0.11803140919499976
99.93599999999932,0.15880411007272516
100.03599999999932,0.10928442794121969
100.13599999999931,1.0355745365688087
109.072,0.9957407157566518
109.172,1.4064013607776809
109.27199999999999,1.072051127299524
109.37199999999999,0.520711150075488
109.47199999999998,0.7152001120082455
109.57199999999997,0.7910793437783608
109.67199999999997,1.0824241781524329
109.77199999999996,0.9306243068535365
109.87199999999996,0.9548666603752145
109.97199999999995,0.865045144586044
110.07199999999995,0.855263828946098
110.17199999999994,1.2069542160096347
110.27199999999993,1.0729413846748115
110.37199999999993,0.99851587194702
110.47199999999992,1.4360775869081321
110.57199999999992,1.4570020870992673
110.67199999999991,1.0349931644810737
110.7719999999999,1.3301138475563055
110.8719999999999,0.754447248153574
110.9719999999999,0.2837793359003043
111.07199999999989,0.7957360977122971
111.17199999999988,0.7216069734527728
111.27199999999988,1.2350788174733065
113.577,0.8275112291118
113.67699999999999,1.3679292717533766
113.77699999999999,0.22405953701481052
113.87699999999998,0.23795469926683044
113.97699999999998,0.6451904631644149
114.07699999999997,0.43363169119709266
114.17699999999996,0.9363399724118632
114.27699999999996,0.9366345916654308
114.37699999999995,1.0950255161297138
114.47699999999995,1.552471924656577
114.57699999999994,1.2131695793039483
114.67699999999994,0.26730510357859083
114.77699999999993,0.14715902541793652
114.87699999999992,0.1938333714744127
114.97699999999992,0.6313293602841036
115.07699999999991,0.5351750890499246
115.17699999999991,0.6538203577386313
115.2769999999999,0.926002806619928
115.3769999999999,1.5884655016075218
124.107,0.9036989528374523
124.207,0.16913984543447405
124.30699999999999,0.19652524352515538
124.40699999999998,0.10994126980289984
124.50699999999998,0.09886259877760316
124.60699999999997,0.16519878668818186
124.70699999999997,0.395450831720716
124.80699999999996,0.18542301764677224
124.90699999999995,0.1658767442386071
125.00699999999995,0.0908728663866071
125.10699999999994,0.10478879493933817
125.20699999999994,0.09447967450427178
125.30699999999993,0.09132205455603158
125.40699999999993,0.09107025129135532
125.50699999999992,0.0966709715840471
125.60699999999991,0.1051736440415644
125.70699999999991,0.828458070359954
125.8069999999999,0.18742812969341213
125.9069999999999,0.29199518870116764
126.00699999999989,0.18269325933327552
126.10699999999989,0.09856175297568508
126.20699999999988,0.09641881167045722
126.30699999999987,0.10578583763699528
126.40699999999987,0.10189506800199123
126.50699999999986,0.7887670341493506
126.60699999999986,1.5901823851142078
126.70699999999985,0.2812798794433
126.80699999999985,0.7243816993665938
126.90699999999984,0.9611250824728104
127.00699999999983,1.2861751768011498
127.10699999999983,1.511758053415022
127.20699999999982,1.0116925060641218
127.30699999999982,0.15535601134748286
127.40699999999981,0.1589747147474825
127.5069999999998,0.2011937709169661
127.6069999999998,0.17673770239899075
127.7069999999998,0.11335581019455804
127.80699999999979,0.10114675480870136
127.90699999999978,0.18702975017512052
128.00699999999978,0.1994613973942263
128.10699999999977,0.22476275182539351
128.20699999999977,0.6903448151447431
128.30699999999976,1.536688163116201
128.40699999999975,0.5282396471589463
128.50699999999975,0.19481871297376885
128.60699999999974,0.8269686939572152
128.70699999999974,1.4672866116800622
128.80699999999973,0.4820697041259785
128.90699999999973,nan
129.00699999999972,1.0095166105776194
129.10699999999972,0.7910832723765834
129.2069999999997,1.272616351971804
129.3069999999997,1.3808091746964823
129.4069999999997,1.2315600582790822
129.5069999999997,1.4958191757143928
129.6069999999997,1.2519441434575305
129.70699999999968,1.1251075480395125
129.80699999999968,1.0524462124851404
129.90699999999967,1.234220177859918
130.00699999999966,1.3808012970886272
130.10699999999966,0.6809611753721824
130.20699999999965,0.2527174801219802
133.232,0.16206283067719757
133.332,0.12263013550191228
133.432,0.32397805954443715
133.53199999999998,1.1439069643655535
133.63199999999998,1.214686185256513
133.73199999999997,0.19403902650345134
133.83199999999997,0.3585631994700183
133.93199999999996,0.1927400051175085
134.03199999999995,0.10214892180934583
134.13199999999995,0.10033437298502561
134.23199999999994,0.5041879394330357
134.33199999999994,0.45078470429670525
134.43199999999993,0.19309799538709446
134.53199999999993,0.1557001544810008
134.63199999999992,0.11750802474127318
134.7319999999999,0.10522124098343186
134.8319999999999,0.10235829895155137
134.9319999999999,0.09966965379115768
135.0319999999999,0.10562086236384315
135.1319999999999,0.3490239010458119
135.23199999999989,1.4084229640693062
135.33199999999988,1.3062679916920807
135.43199999999987,0.15302239215308291
135.53199999999987,0.1775671113854145
135.63199999999986,0.3740419599570874
135.73199999999986,1.2749221715050378
135.83199999999985,0.9573780044928091
135.93199999999985,1.466005668987984
136.03199999999984,1.4136661629357308
136.13199999999983,1.2452726772542286
136.23199999999983,1.34375821256104
136.33199999999982,1.0371021259987545
136.43199999999982,1.172224665442408
136.5319999999998,1.1338558385140716
136.6319999999998,1.2752531100850153
136.7319999999998,0.8252237155074944
136.8319999999998,0.9464303610599669
136.9319999999998,1.3557688590154553
137.03199999999978,1.2913493021467657
137.13199999999978,0.9148695919286748
137.23199999999977,1.3954987596308954
137.33199999999977,1.1598327001274027
137.43199999999976,1.0544654184318638
151.251,0.7360646960026829
151.351,1.081245552851766
151.451,1.1476257413052762
151.551,0.7657503897375619
151.65099999999998,0.3780858736180353
151.75099999999998,0.5319903942392605
151.85099999999997,1.532779569904933
151.95099999999996,0.44306907584991506
152.05099999999996,0.20269681379768895
152.15099999999995,0.8835806539343808
152.25099999999995,0.41362660878549457
152.35099999999994,0.582352831348123
152.45099999999994,0.9152033837216492
152.55099999999993,0.6849500071452671
152.65099999999993,0.5636412072642598
152.75099999999992,0.5477955534312062
152.8509999999999,0.5160765785204976
152.9509999999999,0.524418948696133
153.0509999999999,1.1975600207420023
153.1509999999999,1.0054105479771447
153.2509999999999,0.7266541579568607
153.35099999999989,0.9317282917971061
153.45099999999988,0.753737010620527
153.55099999999987,1.1498906049067106
153.65099999999987,1.159119420268361
153.75099999999986,1.1113605010706178
153.85099999999986,1.2023534621714222
153.95099999999985,1.2284779533961072
154.05099999999985,1.1637735913898586
154.15099999999984,1.1031545352299315
154.25099999999983,1.2282882014768177
154.35099999999983,1.1306707987219893
154.45099999999982,1.356910330228695
154.55099999999982,1.6166652706457079
156.441,0.3033953100175497
156.541,1.2668254686890532
156.641,1.3801150224563778
156.74099999999999,1.390031556133945
156.84099999999998,0.9452629977509684
156.94099999999997,1.021570178140171
157.04099999999997,1.1377375343220202
157.14099999999996,1.431960101361685
157.24099999999996,0.7185185863229695
157.34099999999995,0.19771122552412818
157.44099999999995,1.1670646140210252
157.54099999999994,0.5889290538768048
157.64099999999993,0.8790942491504832
157.74099999999993,0.6832812637405068
157.84099999999992,1.0048173939239686
157.94099999999992,0.8488935059824416
158.0409999999999,0.44512418982328
158.1409999999999,1.0117773216927235
158.2409999999999,0.72942459678976
158.3409999999999,0.9224664617726693
158.4409999999999,0.8942897149592538
158.54099999999988,1.227957541423249
158.64099999999988,0.701532341785014
158.74099999999987,nan
158.84099999999987,1.0116349912200704
158.94099999999986,1.1347566436899557
159.04099999999985,0.7730861975263071
159.14099999999985,0.9924880361994951
159.24099999999984,1.5796827093081685
159.34099999999984,1.0254537947531166
159.44099999999983,0.479706146385204
159.54099999999983,0.6232539980202874
159.64099999999982,nan
159.74099999999981,0.6359048323518504
159.8409999999998,0.6738156603595893
159.9409999999998,0.3952857586639427
160.0409999999998,nan
160.1409999999998,0.45571057258838293
160.2409999999998,0.6181477065625488
160.34099999999978,0.7092479578308322
160.44099999999978,0.5797522038191628
160.54099999999977,0.5047054541948595
160.64099999999976,1.4653629514415194
160.74099999999976,0.6386231341483595
160.84099999999975,0.7999259922075098
160.94099999999975,0.8678984252778197
161.04099999999974,0.6184305877430392
161.14099999999974,0.6195466081498606
161.24099999999973,0.25919061227659623
161.34099999999972,0.5500561350922204
161.44099999999972,0.899145104188418
161.5409999999997,0.590906115676607
161.6409999999997,0.3415967874765173
161.7409999999997,0.6081162788771967
161.8409999999997,0.34990235020884597
161.9409999999997,0.6609539907373891
162.04099999999968,nan
162.14099999999968,0.09390409888991365
162.24099999999967,0.2612488135085953
162.34099999999967,nan
162.44099999999966,0.5429899420601092
162.54099999999966,0.6633094405390114
162.64099999999965,0.32826116938038447
162.74099999999964,0.6359607620184524
162.84099999999964,0.6685917098219307
162.94099999999963,nan
164.096,1.2756393221668596
164.196,0.11117966583929144
164.296,0.9269277206517185
164.396,0.3769906855996157
164.49599999999998,0.16733382218579587
164.59599999999998,0.7005693702114039
164.69599999999997,nan
164.79599999999996,0.06447945501860365
164.89599999999996,0.8250841503231194
164.99599999999995,1.0564884462205004
165.09599999999995,1.247358038741146
165.19599999999994,1.350885469947561
165.29599999999994,0.8214927419302785
165.39599999999993,1.0474761146384837
165.49599999999992,0.9181975365132028
165.59599999999992,1.0126506627111644
165.6959999999999,nan
165.7959999999999,0.34764843253368805
165.8959999999999,0.8728559213138616
165.9959999999999,0.4625715182959457
166.0959999999999,0.6422351953973706
166.19599999999988,0.191616974827437
166.29599999999988,0.19018071361272298
166.39599999999987,0.6946626085971973
166.49599999999987,1.0269982875384311
166.59599999999986,0.5641142820087354
166.69599999999986,0.42388614058599366
166.79599999999985,nan
166.89599999999984,0.9848762510448612
166.99599999999984,0.6619555528304386
167.09599999999983,0.6874854600912079
167.19599999999983,0.9391279535415166
167.29599999999982,nan
167.39599999999982,0.9320732736368166
167.4959999999998,1.4595747480061831
167.5959999999998,1.1883153256091303
167.6959999999998,0.8645546030658723
167.7959999999998,1.360733442226137
167.8959999999998,0.6672927868854008
167.99599999999978,0.46513094905948066
168.09599999999978,0.9445540271969207
168.19599999999977,1.451876743984138
168.29599999999976,0.6157997962313924
168.39599999999976,1.4522364337414981
168.49599999999975,0.5137626025436778
168.59599999999975,nan
168.69599999999974,0.4925094711755699
168.79599999999974,0.5530693988591673
168.89599999999973,0.6638204680444695
168.99599999999973,0.9589079064951974
169.09599999999972,1.2233184927509309
169.1959999999997,1.1146558675896783
169.2959999999997,0.2522463127458822
169.3959999999997,0.21501361774036357
169.4959999999997,0.19857302397588042
169.5959999999997,0.14868690902188902
169.69599999999969,0.16138168953957466
169.79599999999968,0.15979583590459084
169.89599999999967,0.8076159650800492
173.248,0.3022597706346251
173.34799999999998,0.845716278240693
173.44799999999998,1.4128807402180998
173.54799999999997,1.2448033951763071
173.64799999999997,0.350994122608429
173.74799999999996,0.5540967691853879
173.84799999999996,1.15099173932309
173.94799999999995,1.7062004086958058
174.04799999999994,1.1258894565603583
174.14799999999994,0.8416238748617494
174.24799999999993,0.5092516212699397
174.34799999999993,0.8365686059574172
174.44799999999992,nan
174.54799999999992,1.1952969353493312
174.6479999999999,1.3165161387930002
174.7479999999999,1.078591378084715
174.8479999999999,0.8285385121861337
174.9479999999999,1.1988656756090599
175.0479999999999,0.7511397031344886
175.14799999999988,0.5697526626870801
175.24799999999988,1.075515913699946
175.34799999999987,0.6162818607689489
175.44799999999987,0.42051108229336415
175.54799999999986,0.5027654612830189
175.64799999999985,0.8996601581745463
175.74799999999985,nan
175.84799999999984,nan
175.94799999999984,0.26535961676545294
176.04799999999983,1.0988211055241763
179.728,0.1744327825420031
179.828,0.6186993864572969
179.928,1.489239567583994
180.028,0.5387609263713329
180.128,0.1617144327731184
180.22799999999998,0.2894318710665836
180.32799999999997,0.25490452034459643
180.42799999999997,0.633616730188511
180.52799999999996,1.431768857501532
180.62799999999996,0.7952054077409102
180.72799999999995,0.7064956646575152
180.82799999999995,0.6967956139184638
180.92799999999994,0.874443666053021
181.02799999999993,0.17530363375068
181.12799999999993,0.4081640214133667
181.22799999999992,0.6224792276676187
181.32799999999992,0.9323912774985575
181.4279999999999,0.6142937169733643
181.5279999999999,0.7146936919771578
181.6279999999999,0.30074488456105086
181.7279999999999,1.2450807700272088
181.8279999999999,1.3430265269065684
181.92799999999988,0.2521799093471024
182.02799999999988,0.24170118206845576
182.12799999999987,0.3635579592204335
182.22799999999987,0.2670666526051219
182.32799999999986,0.6076345557456584
182.42799999999986,1.4904555969588928
182.52799999999985,0.7835428586872334
182.62799999999984,0.1977540117516084
182.72799999999984,0.59525168111612
182.82799999999983,0.596977637502627
182.92799999999983,0.7808430418438637
183.02799999999982,0.8557257998729026
183.12799999999982,0.4562671804293071
183.2279999999998,nan
183.3279999999998,nan
183.4279999999998,0.604753574436706
183.5279999999998,0.9618198637529393
183.6279999999998,1.2441327247980503
183.72799999999978,0.5457872854756777
183.82799999999978,0.6746837511849753
183.92799999999977,0.7620655320225624
184.02799999999976,0.7793778714856511
184.12799999999976,nan
184.22799999999975,0.40956095085141975
184.32799999999975,0.9555967082946886
184.42799999999974,0.6846350948302661
184.52799999999974,0.7281585512128158
184.62799999999973,0.5286180098368091
184.72799999999972,0.7182888257201943
184.82799999999972,0.3794957036070686
184.9279999999997,0.4866917991291366
185.0279999999997,0.24303546567951267
185.1279999999997,0.27109625422685957
185.2279999999997,0.7263416380944441
185.3279999999997,0.8579596806271268
185.42799999999968,1.1172558937962878
185.52799999999968,0.7610745696066544
185.62799999999967,1.2024766645558922
185.72799999999967,1.1954295309213478
185.82799999999966,1.4023319301679469
185.92799999999966,1.265123404702065
186.02799999999965,0.8907303924903086
186.12799999999964,0.4008260813305627
186.22799999999964,0.7982938549064325
186.32799999999963,1.1547007081628538
186.42799999999963,1.1673595729917081
186.52799999999962,1.224461184058199
186.62799999999962,1.3094644681457832
186.7279999999996,1.1638913835158058
186.8279999999996,1.229802869955578
186.9279999999996,1.389931544853926
187.0279999999996,1.2849085235005662
187.1279999999996,1.2690287525995396
187.22799999999958,1.1185297919562853
187.32799999999958,1.2329023890119999
187.42799999999957,1.0615121512900578
187.52799999999957,0.766917845202558
187.62799999999956,0.2923125462839562
187.72799999999955,1.2244515955327666
187.82799999999955,1.3869667206748941
190.144,1.4782736489390977
190.244,0.45455125279799724
190.344,0.45550669167733177
190.444,0.9743427910985123
190.54399999999998,1.3104569508339932
190.64399999999998,1.299949614381914
190.74399999999997,1.1241773557968417
190.84399999999997,0.8811499652834565
190.94399999999996,0.5200658255674963
191.04399999999995,0.9398307294780954
191.14399999999995,0.40414167310103855
191.24399999999994,0.4509436279758849
191.34399999999994,0.476178516741444
191.44399999999993,0.9951492585214933
191.54399999999993,1.436751791701665
191.64399999999992,0.8123233050879184
191.74399999999991,0.5493522544215055
191.8439999999999,1.5141794210022559
191.9439999999999,1.1453456960895716
192.0439999999999,0.2922682433025684
192.1439999999999,1.4640641693266683
192.2439999999999,0.5476209122221363
192.34399999999988,1.4871397453397446
192.44399999999987,0.7293211497509028
192.54399999999987,0.8739402242563775
192.64399999999986,0.48348379250555135
192.74399999999986,1.1587189573164367
192.84399999999985,0.6816423774700596
192.94399999999985,1.4126080797308538
193.04399999999984,0.5338940477029668
193.14399999999983,0.4672431217040452
193.24399999999983,0.7445934656515961
193.34399999999982,1.1694540932921027
193.44399999999982,1.454101349125655
193.5439999999998,0.42015659336437405
193.6439999999998,0.23836140830372746
193.7439999999998,0.1518341740521758
193.8439999999998,0.18107188605384394
193.9439999999998,0.531326273687509
194.04399999999978,0.9103553120175235
194.14399999999978,0.2185996616445591
194.24399999999977,0.18641761855339914
194.34399999999977,0.6472029442472964
194.44399999999976,0.9335072295228279
194.54399999999976,1.0605797418430243
194.64399999999975,1.0116047818171323
194.74399999999974,1.3777267236238244
194.84399999999974,1.109857802834716
194.94399999999973,0.7187261728858659
195.04399999999973,0.6527089764912607
195.14399999999972,0.6890084680128538
195.24399999999972,0.6009737183781465
195.3439999999997,0.8603573526728426
195.4439999999997,0.9054892919950628
195.5439999999997,1.1341627832156749
195.6439999999997,1.0307756968978896
195.7439999999997,1.2448067240409053
195.84399999999968,0.7766355653644943
195.94399999999968,0.6495957644908956
196.04399999999967,0.5414353574522286
196.14399999999966,0.8776622781939856
196.24399999999966,1.2499842624885726
196.34399999999965,1.437964539723887
196.44399999999965,0.9983745908549887
196.54399999999964,1.0282348980673168
196.64399999999964,0.9826627647445717
196.74399999999963,0.6945780967398255
196.84399999999962,0.9830559117279
196.94399999999962,1.532802211101773
197.0439999999996,1.266944582045754
197.1439999999996,1.3037057504415501
197.2439999999996,0.26386606213253233
199.488,0.222629383105391
199.588,0.8210716520792615
199.688,1.569902495465142
199.78799999999998,1.303682441465116
199.88799999999998,0.23614325936797267
199.98799999999997,nan
200.08799999999997,0.43008825981434007
200.18799999999996,nan
200.28799999999995,0.5070988995935196
200.38799999999995,nan
200.48799999999994,nan
200.58799999999994,0.4432969835390891
200.68799999999993,0.20181070513097044
200.78799999999993,0.6118647100881612
200.88799999999992,0.7345395916627749
200.98799999999991,0.3493309669984581
201.0879999999999,1.14332450137506
201.1879999999999,1.6173357209059795
201.2879999999999,0.78175263038035
201.44,0.7063754163988077
201.54,0.4211306174153053
201.64,0.791842404124206
201.73999999999998,1.0040526310500684
201.83999999999997,0.44640586215622635
201.93999999999997,nan
202.03999999999996,0.3097558858266171
202.13999999999996,1.400687164739253
202.23999999999995,1.5954466227103339
202.33999999999995,0.6366125501097529
202.43999999999994,nan
202.53999999999994,0.5832395304190484
202.63999999999993,0.6314666337980622
202.73999999999992,0.9747945125664099
202.83999999999992,0.29948900076841345
202.9399999999999,0.6580388198217456
203.0399999999999,0.5725205729904667
203.1399999999999,0.7092744920623334
203.2399999999999,0.8039478147713506
203.3399999999999,0.8317172144818819
203.43999999999988,0.9501183064814691
203.53999999999988,1.2559385910965544
203.63999999999987,1.21325696039297
206.352,1.242558962359725
206.452,0.9314004221575901
206.552,0.9524563781016829
206.652,0.6554530993118391
206.75199999999998,0.7213662291910959
206.85199999999998,0.9769676829587787
206.95199999999997,0.9402597818530052
207.05199999999996,0.7830724793127308
207.15199999999996,1.1788171243935794
207.25199999999995,1.1796331025955167
207.35199999999995,1.5246840103006074
207.45199999999994,1.076369460003754
207.55199999999994,0.941308813025857
207.65199999999993,1.179487166976163
207.75199999999992,1.4102798284875828
207.85199999999992,1.6349729642332862
207.9519999999999,1.59180370440522
208.0519999999999,0.9840098427795012
208.1519999999999,1.4287243265445826
208.2519999999999,1.43931242518175
208.3519999999999,1.3596741675511017
208.45199999999988,1.0418661922215708
208.55199999999988,1.0491922605251482
211.152,0.7246470372908758
211.25199999999998,1.43127410953296
211.35199999999998,1.0013192026994044
211.45199999999997,0.9056742317597021
211.55199999999996,0.11594454391412239
211.65199999999996,0.47909280350590355
211.75199999999995,0.9132630841378638
211.85199999999995,1.2524319801958277
211.95199999999994,0.9542372035939001
215.344,1.2114638182436028
215.444,0.497106833054012
215.54399999999998,nan
215.64399999999998,0.033090721440087026
215.74399999999997,0.2767682683421193
215.84399999999997,0.704169432594055
215.94399999999996,1.1346025011742353
216.04399999999995,0.5217350595928928
216.14399999999995,0.4151669584147124
216.24399999999994,0.3217486147316045
216.34399999999994,0.4966633566250636
216.44399999999993,nan
216.54399999999993,nan
216.64399999999992,nan
216.74399999999991,0.3536092169022488
216.8439999999999,1.527244067785909
216.9439999999999,1.1939131927682725
217.0439999999999,0.527297464276024
217.1439999999999,0.5771003672020468
217.2439999999999,nan
217.34399999999988,0.5995464569591534
217.44399999999987,0.8960874852481021
217.54399999999987,1.1001300048975748
217.64399999999986,1.293966968575601
217.74399999999986,0.9797766287994899
217.84399999999985,0.6992063884525109
217.94399999999985,0.5216274962369439
218.04399999999984,0.5619935233673895
218.14399999999983,0.583281269497395
218.24399999999983,0.2221317062162783
218.34399999999982,nan
218.44399999999982,1.105478962255024
218.5439999999998,1.1122079619851069
218.6439999999998,1.2948069231559107
218.7439999999998,1.449213218264168
218.8439999999998,1.5332833419516863
218.9439999999998,1.5083048547585984
219.04399999999978,1.0397908052659532
221.872,1.0355411907137226
221.972,1.3275908664432976
222.072,1.5401619135247746
222.172,1.2538304584776814
222.272,0.6153176346246182
222.37199999999999,1.2794750557865782
222.47199999999998,0.9956257473350603
222.57199999999997,1.262284266893533
222.67199999999997,0.9016090498912221
222.77199999999996,1.1167564718593055
222.87199999999996,0.45877898898474756
222.97199999999995,0.8383822362279869
223.07199999999995,0.5108916401419897
223.17199999999994,0.7637707956761384
223.27199999999993,0.2903758482622202
223.37199999999993,0.804722733791105
223.47199999999992,1.6190682719483422
223.57199999999992,1.1189197951940035
223.6719999999999,0.8163991055575525
223.7719999999999,0.799943259399773
223.8719999999999,1.1302268013819505
223.9719999999999,0.9313145898466176
224.0719999999999,0.8713964611980817
224.17199999999988,0.7508976203666676
224.27199999999988,0.6314764769670678
224.37199999999987,0.165266707593643
224.47199999999987,1.1560208664461935
224.57199999999986,0.9899954724199105
224.67199999999985,0.6763711539282716
224.77199999999985,1.0264100391910727
224.87199999999984,0.7066816181068681
224.97199999999984,0.7060663920221433
225.07199999999983,nan
225.17199999999983,nan
225.27199999999982,nan
225.37199999999982,0.03470534394593323
225.4719999999998,0.7981210256579904
225.5719999999998,1.2787364314887575
225.6719999999998,1.0626278504103328
225.7719999999998,1.3287634310128504
225.8719999999998,0.7868939074092485
225.97199999999978,1.0667370346425478
226.07199999999978,1.112909885513141
226.17199999999977,1.5258051439196998
226.27199999999976,1.0548028318936522
226.37199999999976,0.9999058282728133
226.47199999999975,0.990526560372956
236.128,1.2293613072825933
236.22799999999998,1.1364499199300542
236.32799999999997,nan
236.42799999999997,0.7327552310661672
236.52799999999996,0.39379347978710566
236.62799999999996,0.5082810355304135
236.72799999999995,0.6250904706357412
236.82799999999995,1.0378759739994279
236.92799999999994,1.511211002983779
237.152,1.1889545376151955
237.25199999999998,1.1633272379764108
237.35199999999998,0.8699373312044687
237.45199999999997,0.08927421024265293
237.55199999999996,0.7137612983260431
237.65199999999996,1.1633587020047718
237.75199999999995,1.5454214694635686
237.85199999999995,1.3594074735318478
237.95199999999994,nan
238.05199999999994,0.7902823078642344
238.15199999999993,0.8234136038520947
238.25199999999992,1.5832717290245597
238.35199999999992,0.9475410762182367
238.4519999999999,0.18789827057349923
238.5519999999999,1.0312275204194012
238.6519999999999,1.4034322085701083
238.7519999999999,1.3254131555667608
238.8519999999999,0.9344838414953174
238.95199999999988,1.0236602419658376
239.05199999999988,0.9778918881417582
239.15199999999987,1.0251046999618572
239.25199999999987,0.6438301181343441
239.35199999999986,0.5011457051428799
239.45199999999986,0.5247118872842511
239.55199999999985,0.7617725264108028
239.65199999999984,0.6234351469613527
239.75199999999984,0.2793760905735769
239.85199999999983,0.7825835055234525
239.95199999999983,0.9510477255963556
240.05199999999982,0.628345172073409
240.15199999999982,0.6632079167309485
240.2519999999998,0.9798929281579146
240.3519999999998,0.986590509730142
240.4519999999998,0.9257269986660672
240.5519999999998,0.8629628690529814
240.6519999999998,1.2076685518336658
240.75199999999978,1.682653227169816
240.85199999999978,0.8199835551726978
240.95199999999977,1.25502805142176
241.05199999999977,1.2216753794402495
241.15199999999976,1.3023795221241448
241.25199999999975,1.2912904713038582
241.35199999999975,1.2749095768100727
241.45199999999974,1.025551614279567
241.55199999999974,1.1844544883084516
241.65199999999973,0.5725664105344136
241.75199999999973,0.9596048328542495
241.85199999999972,0.5356059350063105
241.9519999999997,0.7710151106215706
242.0519999999997,0.9454324871807206
242.1519999999997,0.7938235184497366
242.2519999999997,0.6591799809657686
242.3519999999997,0.7224085562264185
242.45199999999969,1.0873282195839644
242.55199999999968,0.7728333400667324
242.65199999999967,1.1759104182587563
242.75199999999967,1.1299592801970788
242.85199999999966,1.0826335949267392
242.95199999999966,1.1281130171079465
243.05199999999965,1.2053725926898529
243.15199999999965,1.144759289583211
243.25199999999964,0.8922095087649387
243.35199999999963,nan
243.45199999999963,0.5718213971121284
243.55199999999962,nan
243.65199999999962,nan
243.7519999999996,0.36618800356338227
243.8519999999996,0.4397819612783584
243.9519999999996,0.8571686348047111
244.0519999999996,1.2987231178034662
244.1519999999996,1.0756860672072708
244.25199999999958,1.0683105713177015
244.35199999999958,0.3085271696791677
244.45199999999957,0.1252890963351149
244.55199999999957,0.43467602008910067
244.65199999999956,0.40141793240781015
244.75199999999955,0.20899349922229235
244.85199999999955,0.49587742620352543
244.95199999999954,0.8262566428303229
245.05199999999954,0.910251182828481
245.15199999999953,0.6964610193563427
245.25199999999953,1.2937567946318485
245.35199999999952,1.2550252999613232
245.52,1.4830252533981299
245.62,0.9211026707338823
245.72,1.0981247987950404
245.82,1.4686334498547273
245.92,1.3925452677949681
246.01999999999998,1.5319070094889868
246.11999999999998,1.3466889287419175
246.21999999999997,1.3009212196255742
246.31999999999996,1.2856410540524277
246.41999999999996,1.1667216341880158
246.51999999999995,nan
246.61999999999995,0.7994302648356633
246.71999999999994,1.4647535466292236
246.81999999999994,0.3926171215888162
246.91999999999993,0.6890247560929977
247.01999999999992,1.003046155226662
247.11999999999992,0.43781062365694123
247.2199999999999,nan
247.3199999999999,0.8378773212272101
247.4199999999999,0.2270958899008364
247.5199999999999,0.6321061209652113
247.6199999999999,0.5947371850399573
247.71999999999989,1.3254979567773826
247.81999999999988,nan
247.91999999999987,0.5116119879304258
248.01999999999987,1.3315132075151783
248.11999999999986,1.5657236603010667
248.21999999999986,0.9546715369891541
248.31999999999985,1.0624305790495157
248.41999999999985,nan
248.51999999999984,0.6709193164730095
248.61999999999983,0.5027469164653339
248.71999999999983,0.5019079064687986
248.81999999999982,0.6778913700732487
248.91999999999982,1.4225887744143353
249.0199999999998,1.131088672008961
249.1199999999998,0.31110908331121584
249.2199999999998,1.6588769393650171
249.3199999999998,1.5600044666152755
254.576,1.5736649365642268
254.676,1.429525766667668
254.77599999999998,0.35867056388620633
254.87599999999998,0.5460959522249389
254.97599999999997,1.4792862818127448
255.07599999999996,0.6200160130975261
255.17599999999996,0.2195391270265299
255.27599999999995,0.5209200040854635
255.37599999999995,0.6369991829177183
255.47599999999994,0.2550494305732929
255.57599999999994,0.8441156117465456
255.67599999999993,0.4552200430019238
255.77599999999993,nan
255.87599999999992,1.168938864998347
255.9759999999999,1.344636788391986
256.0759999999999,0.8227836776384132
256.17599999999993,0.46631580340903334
256.2759999999999,0.27421372663573684
256.37599999999986,1.096890323607087
256.4759999999999,1.6204143651969145
256.5759999999999,0.935393540058057
256.736,1.551651944019145
256.836,1.4611629169267186
256.93600000000004,1.2942434120901611
257.03600000000006,0.7954118654252825
257.1360000000001,0.6307531422446092
257.2360000000001,nan
257.3360000000001,0.5427571336622627
257.43600000000015,nan
257.5360000000002,0.5902781544174726
257.6360000000002,0.6568799057219578
257.7360000000002,1.0037220677499292
257.83600000000024,0.9787644176926299
257.93600000000026,0.6652876153413441
258.0360000000003,0.508447116640729
258.1360000000003,nan
258.23600000000033,0.6649633914070143
258.33600000000035,1.2622336565255512
258.4360000000004,1.2540772002574376
258.5360000000004,0.5261764308632497
258.6360000000004,0.5068996787615878
258.73600000000044,1.1149165302156947
258.83600000000047,1.325081323562342
258.9360000000005,1.3395905128093422
259.0360000000005,0.9326619675951593
259.13600000000054,1.4892124381033145
259.23600000000056,0.33112211430204286
259.3360000000006,1.0398241808864384
259.4360000000006,0.7614070745715028
259.5360000000006,0.6265256805259338
259.63600000000065,nan
259.7360000000007,1.4059940887551126
259.8360000000007,1.487245044853275
259.9360000000007,1.469048390689304
260.03600000000074,1.3867651633436482
260.13600000000076,0.6226852803677877
260.2360000000008,0.8996989240644935
260.3360000000008,0.5042879241386781
260.43600000000083,0.2989419715750803
260.53600000000085,0.5372831258596132
260.6360000000009,0.7358580118720592
260.7360000000009,0.44037752279594794
260.8360000000009,0.4986035446991115
260.93600000000094,0.5206567679868498
261.03600000000097,0.5403551593405669
261.136000000001,0.5694910791707252
261.236000000001,1.1336787289444503
261.33600000000104,1.4566555457366912
261.43600000000106,1.3067689763886745
261.5360000000011,1.1174436409530286
261.6360000000011,0.9266246115830611
261.7360000000011,0.34635026227606336
261.83600000000115,0.8307237087222876
261.9360000000012,1.1326383559533582
262.0360000000012,0.5995409853007614
262.1360000000012,0.5855455048866733
262.23600000000124,0.3583676462386242
262.33600000000126,0.207044636807505
262.4360000000013,1.0002618188413213
262.5360000000013,1.28219049530672
262.63600000000133,0.7051370371786985
262.73600000000135,nan
262.8360000000014,0.8726952865035661
262.9360000000014,0.3430956765253948
263.0360000000014,0.5998844510366037
263.13600000000145,0.5106489316042387
263.23600000000147,0.43917222546120677
263.3360000000015,0.8674702054685814
263.4360000000015,0.5992932684573563
263.53600000000154,0.8933400935095495
263.63600000000156,0.6119341231659721
263.7360000000016,0.6183565987484059
263.8360000000016,0.6306841578112324
263.9360000000016,0.5630647137199659
264.03600000000165,1.2609495260163182
264.1360000000017,1.1940747168493036
264.2360000000017,0.6505712885867753
264.3360000000017,nan
264.43600000000174,0.6929290520266107
264.53600000000176,0.4297633661561582
264.6360000000018,0.7892707714900258
264.7360000000018,1.2384846994061869
264.83600000000183,0.6401839046550071
264.93600000000185,0.7784748234253414
265.0360000000019,nan
265.1360000000019,0.2874751662534919
265.2360000000019,0.8878376960998419
265.33600000000195,0.8580896733298076
265.43600000000197,1.4415636059595534
265.536000000002,1.551462099737832
265.636000000002,1.547604765640277
265.73600000000204,1.2604466304399626
265.83600000000206,1.17884114473748
265.9360000000021,0.5219517737707909
266.0360000000021,nan
266.1360000000021,nan
266.23600000000215,0.7133932757765167
266.3360000000022,0.3567379004784599
266.4360000000022,0.3471350192691274
266.5360000000022,0.41832722950261864
266.63600000000224,0.8030083243436076
266.73600000000226,nan
266.8360000000023,0.8768159541084563
266.9360000000023,1.4288928989103797
267.03600000000233,1.6027461851555462
267.13600000000235,1.2886440551027576
267.2360000000024,1.3153186108305575
267.3360000000024,0.14930918057796388
267.4360000000024,nan
267.53600000000245,0.7892491143369316
267.63600000000247,0.812495663348712
267.7360000000025,nan
267.8360000000025,nan
267.93600000000254,0.28307268564725213
268.03600000000256,nan
268.1360000000026,nan
268.2360000000026,0.805862075983881
268.3360000000026,0.1144683422317242
268.43600000000265,0.48372835229947275
268.5360000000027,0.6877325413351982
268.6360000000027,0.8496099556620383
268.7360000000027,0.6144286144156474
268.83600000000274,0.8142420491497463
268.93600000000276,0.8569224543678272
269.0360000000028,0.6736708698006488
269.1360000000028,1.2212381714898066
269.23600000000283,1.565773503125169
269.33600000000285,0.31437791832707235
269.4360000000029,0.7547430975829023
269.5360000000029,1.2590725053529637
269.728,0.40148545554180975
269.82800000000003,0.2711701231114539
269.92800000000005,1.249729804833306
270.0280000000001,1.692299179639574
270.1280000000001,0.7221764470250378
270.2280000000001,0.7629017798499803
270.32800000000015,0.8861843282867329
270.42800000000017,0.25697084708208356
270.5280000000002,1.1197034033393258
270.6280000000002,0.46082998456602225
270.72800000000024,0.21978122191836594
270.82800000000026,nan
270.9280000000003,0.5737656280865628
271.0280000000003,0.73228500188374
271.1280000000003,1.4006726192160648
271.22800000000035,1.4813705457345763
271.3280000000004,0.6808777522608516
271.4280000000004,1.4866054705202179
271.5280000000004,1.556740706794753
271.62800000000044,1.4849445204313347
271.72800000000046,0.5202905357596052
271.8280000000005,0.33299916514077765
271.9280000000005,1.0215571641187051
272.02800000000053,0.47629344406475066
272.12800000000055,0.833161630702481
272.2280000000006,0.589042207597471
272.3280000000006,1.4096289732034175
272.4280000000006,1.5772950159431336
272.52800000000065,1.5293877227710935
273.872,0.5695686877409258
273.97200000000004,0.33096147414388877
274.07200000000006,0.9282976474758651
274.1720000000001,0.6822948110072964
274.2720000000001,0.3174391096647166
274.3720000000001,nan
274.47200000000015,nan
274.5720000000002,nan
274.6720000000002,0.6382153018438705
274.7720000000002,0.5280278025879929
274.87200000000024,0.5873711266999592
274.97200000000026,0.5790903831277692
275.0720000000003,1.265199828436081
275.1720000000003,1.419337109238425
275.27200000000033,1.3789265237999844
275.37200000000036,0.43731580853395075
275.4720000000004,0.830815776845255
275.5720000000004,1.5907243109744784
275.6720000000004,0.451494640180141
275.77200000000045,0.7767164838448849
275.87200000000047,0.1734391382738577
275.9720000000005,0.4619279497037704
276.0720000000005,1.4469770410940477
276.17200000000054,1.0974159358278124
276.27200000000056,1.100348918739949
276.3720000000006,1.151726843127962
276.4720000000006,0.9406027359926755
276.5720000000006,0.2758303021944045
276.67200000000065,0.41044108239504196
276.7720000000007,0.6475155295082375
276.8720000000007,nan
276.9720000000007,0.6492594496651277
277.07200000000074,0.7877774420285708
277.17200000000076,1.4866032638144488
277.2720000000008,0.41285197871329876
277.3720000000008,0.1576090884661026
277.47200000000083,0.24046075511729673
277.57200000000086,0.13562675991032908
277.6720000000009,0.14000904277376156
277.7720000000009,0.15484728289958186
277.8720000000009,0.1800755648007874
277.97200000000095,0.4324111845035059
278.07200000000097,1.3825581414201296
278.172000000001,0.5942597246848419
278.272000000001,0.7372075662164578
278.37200000000104,0.525453705578683
278.47200000000106,0.6287467747122394
278.5720000000011,0.7908018917491333
278.6720000000011,0.9362630759144644
278.7720000000011,1.2110900731761522
278.87200000000115,1.1125554873292463
278.9720000000012,1.069087346437117
279.0720000000012,1.4703533385361003
279.1720000000012,1.6257996997615132
281.632,1.3302083435446141
281.732,1.3710075560727455
281.83200000000005,1.2453048437795495
281.9320000000001,0.44586172744398744
282.0320000000001,0.44723047448739256
282.1320000000001,0.6183166689337974
282.23200000000014,0.9904095920477605
282.33200000000016,1.6190011938543944
282.4320000000002,0.5345032966455128
282.5320000000002,0.19805064119108487
282.63200000000023,0.1455498823430662
282.73200000000026,0.19888145438335444
282.8320000000003,0.7445862772753027
282.9320000000003,0.8953985834119638
283.0320000000003,1.3687986401121326
283.13200000000035,0.7736088499252961
283.23200000000037,0.1382805387371512
283.3320000000004,0.21116815067551908
283.4320000000004,0.8882557082330754
283.53200000000044,1.3988052233894597
283.63200000000046,0.47135483682638957
283.7320000000005,1.0594465668488766
283.8320000000005,0.5348907859314577
283.9320000000005,nan
284.03200000000055,0.2655144277220152
284.1320000000006,0.5176225995914473
284.2320000000006,nan
284.3320000000006,1.0219101740867056
284.43200000000064,1.5888831605068872
284.53200000000066,1.1276438209732587
284.6320000000007,0.9261297737403207
284.7320000000007,0.5666620610397278
284.83200000000073,0.9020254654549023
284.93200000000076,0.8830294343598615
285.0320000000008,1.1336475072781986
285.1320000000008,1.2644762108276244
285.2320000000008,1.4933084952435969
285.33200000000085,0.7431899525084041
285.43200000000087,nan
285.5320000000009,1.0088550200658257
285.6320000000009,0.574101657832637
285.73200000000094,1.064182639817201
286.056,0.21642229855769168
286.156,0.28899308124082224
286.25600000000003,1.0054812976982785
286.35600000000005,0.3775658335294431
286.4560000000001,0.7276556923300442
286.5560000000001,nan
286.6560000000001,0.5270705001269911
286.75600000000014,0.6016154840112654
286.85600000000017,0.6308795941144294
286.9560000000002,1.583335086551889
287.0560000000002,1.025234719245323
287.15600000000023,1.0345623449459085
287.25600000000026,1.3138319605044728
287.3560000000003,1.3701443778482598
287.4560000000003,0.7064348098652508
287.5560000000003,1.0944514297591328
287.65600000000035,1.6468658942063965
287.75600000000037,0.954540226702791
287.8560000000004,0.9784561916330831
287.9560000000004,0.7962822627341347
288.05600000000044,0.9984198998209602
288.15600000000046,0.9043693135006591
288.2560000000005,1.2170532423844589
288.3560000000005,1.2107544310741314
288.45600000000053,1.4673082630757837
288.55600000000055,1.1698150165815366
288.6560000000006,1.3409725157619348
288.7560000000006,1.2397142476128116
288.8560000000006,0.7210696156118159
288.95600000000064,1.104905931868239
289.05600000000067,1.0292325109885465
289.1560000000007,1.2896209648253607
289.2560000000007,1.3205174015990708
289.35600000000073,0.4218613990385712
289.45600000000076,0.18502498669519046
289.5560000000008,0.10671857670081782
289.6560000000008,0.1329316984572611
289.7560000000008,0.3789411492904021
289.85600000000085,0.2438701992211114
289.95600000000087,0.26445888152374425
290.0560000000009,1.433206780863124
290.1560000000009,1.0334816703057368
290.25600000000094,0.43043296499177386
290.35600000000096,0.21247720996082045
290.456000000001,0.9084320265390821
290.556000000001,1.3617809891960202
290.65600000000103,1.1851182841994417
290.75600000000105,0.42841941681475987
290.8560000000011,0.7995367339516792
290.9560000000011,0.9808291637762214
291.0560000000011,0.9752216378936545
291.15600000000114,0.9922930026882271
291.25600000000117,1.0193967355021611
291.3560000000012,1.1235737546763673
291.4560000000012,1.1442901290733614
291.55600000000123,0.3044156714138155
291.65600000000126,1.183847930215675
291.7560000000013,0.984659895797272
291.8560000000013,1.2821961509500497
291.9560000000013,1.432580563672176
292.05600000000135,nan
292.15600000000137,0.763464649458068
292.2560000000014,0.49688197123855543
292.3560000000014,0.8067094268913476
292.45600000000144,1.5672839144225268
292.55600000000146,1.5087552325910698
292.6560000000015,0.43219591317144174
292.7560000000015,0.969929754963721
292.85600000000153,0.8181466558028517
292.95600000000155,1.0788020190195156
293.0560000000016,0.6426842682186253
293.1560000000016,0.5135968955996068
293.2560000000016,0.9600471688193152
293.35600000000164,1.370764102136586
293.45600000000167,0.3806590894365697
293.5560000000017,0.7817318692735312
293.6560000000017,0.6007613685438825
293.75600000000173,1.405124387017945
293.85600000000176,1.2021818480680355
